92507248,绿茵阁西餐厅(罗田店),准四星商户,http://www.dianping.com/shop/92507248#comment,
67660982,庭园时尚中西餐厅,准四星商户,http://www.dianping.com/shop/67660982#comment,
93043323,欢乐士牛排(罗田店),三星商户,http://www.dianping.com/shop/93043323#comment,
67324394,7尚时尚餐厅,三星商户,http://www.dianping.com/shop/67324394#comment,
9767658,华莱士(阳光城店),准四星商户,http://www.dianping.com/shop/9767658#comment,
98923903,华莱士(中百店),三星商户,http://www.dianping.com/shop/98923903#comment,
69693787,疯狂蕃茄私人厨房,该商户暂无星级,http://www.dianping.com/shop/69693787/review,
23590199,雕琢时光(罗田桥南店),三星商户,http://www.dianping.com/shop/23590199#comment,
96113677,派乐汉堡,三星商户,http://www.dianping.com/shop/96113677#comment,
122423030,巴豪台湾牛排馆,该商户暂无星级,http://www.dianping.com/shop/122423030/review,
99010384,优客薯叔,该商户暂无星级,http://www.dianping.com/shop/99010384/review,
93651271,逗牛势牛排杯,该商户暂无星级,http://www.dianping.com/shop/93651271/review,
96262066,创意餐厅,该商户暂无星级,http://www.dianping.com/shop/96262066/review,
127038458,鄂B土豆片,该商户暂无星级,http://www.dianping.com/shop/127038458/review,
125386702,1831土豆uncle,该商户暂无星级,http://www.dianping.com/shop/125386702/review,
110339496,叶乐仕炸鸡汉堡,该商户暂无星级,http://www.dianping.com/shop/110339496/review,
123301225,红番区,该商户暂无星级,http://www.dianping.com/shop/123301225/review,
100878139,中扒贝岩,该商户暂无星级,http://www.dianping.com/shop/100878139/review,
96581872,凡仔汉堡,该商户暂无星级,http://www.dianping.com/shop/96581872/review,
20879668,华莱士(三里畈店),准四星商户,http://www.dianping.com/shop/20879668#comment,
41522944,派乐汉堡,该商户暂无星级,http://www.dianping.com/shop/41522944/review,
114354258,最高鸡密炸鸡汉堡,该商户暂无星级,http://www.dianping.com/shop/114354258/review,
79364058,麦乐汉堡,该商户暂无星级,http://www.dianping.com/shop/79364058/review,
97508895,萧氏汉堡,该商户暂无星级,http://www.dianping.com/shop/97508895/review,
122837551,米罗阳,该商户暂无星级,http://www.dianping.com/shop/122837551/review,
68621643,派乐汉堡,该商户暂无星级,http://www.dianping.com/shop/68621643/review,
96301267,至尊堡(罗田店),该商户暂无星级,http://www.dianping.com/shop/96301267/review,
65186394,快乐星,该商户暂无星级,http://www.dianping.com/shop/65186394/review,
80202353,麦乐汉堡,该商户暂无星级,http://www.dianping.com/shop/80202353/review,
126002961,七月咖啡西餐,该商户暂无星级,http://www.dianping.com/shop/126002961/review,
63344740,便所欢乐主题餐厅,该商户暂无星级,http://www.dianping.com/shop/63344740/review,
