97564768,乐品汉堡,该商户暂无星级,http://www.dianping.com/shop/97564768/review,
98209523,乐乐炸鸡汉堡小吃,该商户暂无星级,http://www.dianping.com/shop/98209523/review,
129775779,果宝炸鸡汉堡(一中店),该商户暂无星级,http://www.dianping.com/shop/129775779/review,
110809516,巴拉客音乐餐吧(德政园店),三星商户,http://www.dianping.com/shop/110809516#comment,
37927152,乐派汉堡,三星商户,http://www.dianping.com/shop/37927152#comment,
97680035,芝士分子,该商户暂无星级,http://www.dianping.com/shop/97680035/review,
96473318,有一家芝士焗饭,该商户暂无星级,http://www.dianping.com/shop/96473318/review,
64993554,家家兴大蒜,三星商户,http://www.dianping.com/shop/64993554#comment,
38205356,华莱士(仙桃大洪路店),准四星商户,http://www.dianping.com/shop/38205356#comment,
22929218,派乐汉堡(富迪三友生活店),准四星商户,http://www.dianping.com/shop/22929218#comment,
66993297,华莱士炸鸡汉堡,三星商户,http://www.dianping.com/shop/66993297/review,
10643647,华莱士(青青家园店),准四星商户,http://www.dianping.com/shop/10643647#comment,
110895004,贝克汉堡(一中店),该商户暂无星级,http://www.dianping.com/shop/110895004/review,
97517260,叫了个炸鸡(一中店),该商户暂无星级,http://www.dianping.com/shop/97517260/review,
69424839,左岸时光披萨屋,三星商户,http://www.dianping.com/shop/69424839#comment,
67191390,爱弗罗西餐厅,三星商户,http://www.dianping.com/shop/67191390#comment,
113862842,法来利牛排(天城缘店),准五星商户,http://www.dianping.com/shop/113862842#comment,
110421675,华莱士炸鸡汉堡(新三中店),三星商户,http://www.dianping.com/shop/110421675#comment,
124419019,SHALALA轻食沙拉(莎啦啦金诚花园店),四星商户,http://www.dianping.com/shop/124419019#comment,
129791627,豪客滋,该商户暂无星级,http://www.dianping.com/shop/129791627/review,
129736157,派客汉堡(新城1号店),该商户暂无星级,http://www.dianping.com/shop/129736157/review,
56951587,派乐汉堡(新城壹号店),该商户暂无星级,http://www.dianping.com/shop/56951587/review,
38205536,华莱士(金诚花园店),准四星商户,http://www.dianping.com/shop/38205536#comment,
108345709,小时光pizza(新街店),三星商户,http://www.dianping.com/shop/108345709#comment,
102280107,派客汉堡(公园世家店),该商户暂无星级,http://www.dianping.com/shop/102280107/review,
92117491,华莱士(仙桃富迪店),三星商户,http://www.dianping.com/shop/92117491#comment,
96102054,嗨咪尼.最高鸡密(炸鸡汉堡店),该商户暂无星级,http://www.dianping.com/shop/96102054/review,
66012747,赛百味(复州大道店),三星商户,http://www.dianping.com/shop/66012747/review,
77460023,夜宴餐厅,该商户暂无星级,http://www.dianping.com/shop/77460023#comment,
98867229,简一轻食,该商户暂无星级,http://www.dianping.com/shop/98867229/review,
95057214,派乐汉堡(实小店),准四星商户,http://www.dianping.com/shop/95057214#comment,
18347234,华莱士(仙桃复州店),准四星商户,http://www.dianping.com/shop/18347234#comment,
21408446,半秋山(仙桃世界城店),准四星商户,http://www.dianping.com/shop/21408446#comment,
124207799,夏威驿牛排餐厅(大新路店),准四星商户,http://www.dianping.com/shop/124207799#comment,
5263531,秀玉红茶坊(仙桃店),四星商户,http://www.dianping.com/shop/5263531#comment,
69131731,helens(大新路店),准四星商户,http://www.dianping.com/shop/69131731#comment,
18987792,必胜客(仙桃城市广场店),四星商户,http://www.dianping.com/shop/18987792#comment,
38205516,华莱士(仙桃实验高中店),准四星商户,http://www.dianping.com/shop/38205516#comment,
66679342,华莱士(商城店),准四星商户,http://www.dianping.com/shop/66679342#comment,
20637860,玛格利塔(大新路店),准四星商户,http://www.dianping.com/shop/20637860#comment,
90465416,欧冠意大利披萨,三星商户,http://www.dianping.com/shop/90465416#comment,
17983289,绿茵阁西餐厅(武商店),准四星商户,http://www.dianping.com/shop/17983289#comment,
48135017,斯普林特披萨心语(武商店),三星商户,http://www.dianping.com/shop/48135017#comment,
79455225,一席咖啡(武商北门店),四星商户,http://www.dianping.com/shop/79455225#comment,
38205766,华莱士(武商店),准四星商户,http://www.dianping.com/shop/38205766#comment,
40495811,欧爵披萨,该商户暂无星级,http://www.dianping.com/shop/40495811/review,
3890431,流金岁月(步行街店),准四星商户,http://www.dianping.com/shop/3890431#comment,
129921644,橄榄轻食,该商户暂无星级,http://www.dianping.com/shop/129921644/review,
10643646,华莱士(仙桃宏达路店),准四星商户,http://www.dianping.com/shop/10643646#comment,
93004494,味加味,三星商户,http://www.dianping.com/shop/93004494#comment,
77235123,醉时光西餐厅(新天地店),准四星商户,http://www.dianping.com/shop/77235123#comment,
121866117,小时光Pizza(职院店),该商户暂无星级,http://www.dianping.com/shop/121866117/review,
68988766,致青春文艺主题餐厅,该商户暂无星级,http://www.dianping.com/shop/68988766/review,
