23287096,时光倒流中西餐厅(财富店),三星商户,http://www.dianping.com/shop/23287096#comment,
114473585,peter先生,准四星商户,http://www.dianping.com/shop/114473585#comment,
83545384,唯客多复合餐厅,准四星商户,http://www.dianping.com/shop/83545384#comment,歇业/关闭
22431051,绿岛阳光西餐厅,准四星商户,http://www.dianping.com/shop/22431051#comment,
79678139,乐悦坊中西时尚复合餐厅,三星商户,http://www.dianping.com/shop/79678139#comment,
96456383,Lapizza 辣披萨,四星商户,http://www.dianping.com/shop/96456383#comment,
20879853,华莱士(崇阳二店),准四星商户,http://www.dianping.com/shop/20879853#comment,
67083212,萨客思披萨,准四星商户,http://www.dianping.com/shop/67083212#comment,
20879857,华莱士(崇阳一店),准四星商户,http://www.dianping.com/shop/20879857#comment,
66635739,美萨奇意式披萨,准四星商户,http://www.dianping.com/shop/66635739#comment,
22017394,黑咖骑士(崇阳店),准四星商户,http://www.dianping.com/shop/22017394#comment,
100369337,几月几日蛋糕.披萨.甜品.炸鸡,该商户暂无星级,http://www.dianping.com/shop/100369337/review,
34417049,派乐汉堡(崇阳店),准四星商户,http://www.dianping.com/shop/34417049#comment,
73586858,葡京炸鸡汉堡,三星商户,http://www.dianping.com/shop/73586858#comment,
68075508,玛格利塔,准四星商户,http://www.dianping.com/shop/68075508#comment,
111751171,正客披萨,三星商户,http://www.dianping.com/shop/111751171#comment,
126544207,懒员外牛排饭,该商户暂无星级,http://www.dianping.com/shop/126544207/review,
73419112,花园里音乐餐吧,该商户暂无星级,http://www.dianping.com/shop/73419112/review,
101400235,黑骑士咖啡西餐厅,该商户暂无星级,http://www.dianping.com/shop/101400235/review,
91966350,贝克汉堡,该商户暂无星级,http://www.dianping.com/shop/91966350#comment,
62920867,奥德士汉堡,该商户暂无星级,http://www.dianping.com/shop/62920867/review,
