SIRO-3720,「【初撮り】ネットでAV応募→AV体験撮影885男優チ○ポに大興奮♪久々のセックスで「おかしくなッちゃぅぅぅ」と失神寸前♪」：MGS動画,0.0,0,947,https://www.mgstage.com/monthly/shiroutotv/video/SIRO-3720/
SIRO-3718,「【初撮り】ネットでAV応募→AV体験撮影884おっとり雰囲気の脱力系OLが乳首ピン勃ちでガン極まり顔♪」：MGS動画,4.5,262,4899,https://www.mgstage.com/monthly/shiroutotv/video/SIRO-3718/
SIRO-3729,「【初撮り】ネットでAV応募→AV体験撮影883豊満Fカップおっぱいがたまらない！経験少なめ女子がAV初撮り！」：MGS動画,4.0,675,9480,https://www.mgstage.com/monthly/shiroutotv/video/SIRO-3729/
SIRO-3713,「【初撮り】ネットでAV応募→AV体験撮影882」：MGS動画,4.0,528,9951,https://www.mgstage.com/monthly/shiroutotv/video/SIRO-3713/
SIRO-3719,「【初撮り】ネットでAV応募→AV体験撮影881看護実習にはお金がかかる…ムチッとボディで稼いじゃお♪」：MGS動画,3.3,192,5260,https://www.mgstage.com/monthly/shiroutotv/video/SIRO-3719/
SIRO-3714,「応募素人、初AV撮影65留学費用を稼ぐ為にAV出演！極上フェラで男優早発？？」：MGS動画,3.7,1286,17699,https://www.mgstage.com/monthly/shiroutotv/video/SIRO-3714/
SIRO-3716,「【初撮り】ネットでAV応募→AV体験撮影880某野球チームのチアがAV出演で巨パイ鬼揺らし！」：MGS動画,4.0,1932,27000,https://www.mgstage.com/monthly/shiroutotv/video/SIRO-3716/
SIRO-3682,「【初撮り】ネットでAV応募→AV体験撮影879」：MGS動画,4.0,204,4688,https://www.mgstage.com/monthly/shiroutotv/video/SIRO-3682/
SIRO-3712,「【初撮り】ネットでAV応募→AV体験撮影878」：MGS動画,5.0,2003,28705,https://www.mgstage.com/monthly/shiroutotv/video/SIRO-3712/
SIRO-3711,「【初撮り】ネットでAV応募→AV体験撮影877」：MGS動画,4.0,684,14779,https://www.mgstage.com/monthly/shiroutotv/video/SIRO-3711/
SIRO-3706,「【初撮り】ネットでAV応募→AV体験撮影876」：MGS動画,4.0,96,5726,https://www.mgstage.com/monthly/shiroutotv/video/SIRO-3706/
SIRO-3690,「応募素人、初AV撮影64」：MGS動画,4.3,1926,26145,https://www.mgstage.com/monthly/shiroutotv/video/SIRO-3690/
SIRO-3710,「【初撮り】ネットでAV応募→AV体験撮影875」：MGS動画,4.5,1238,16783,https://www.mgstage.com/monthly/shiroutotv/video/SIRO-3710/
SIRO-3692,「【初撮り】ネットでAV応募→AV体験撮影874」：MGS動画,4.6,2499,28804,https://www.mgstage.com/monthly/shiroutotv/video/SIRO-3692/
SIRO-3698,「【初撮り】ネットでAV応募→AV体験撮影873」：MGS動画,4.0,438,10368,https://www.mgstage.com/monthly/shiroutotv/video/SIRO-3698/
SIRO-3705,「【初撮り】ネットでAV応募→AV体験撮影872」：MGS動画,4.5,963,17167,https://www.mgstage.com/monthly/shiroutotv/video/SIRO-3705/
SIRO-3703,「【初撮り】ネットでAV応募→AV体験撮影871」：MGS動画,3.3,214,6765,https://www.mgstage.com/monthly/shiroutotv/video/SIRO-3703/
SIRO-3691,「応募素人、初AV撮影63」：MGS動画,4.0,131,7171,https://www.mgstage.com/monthly/shiroutotv/video/SIRO-3691/
SIRO-3644,「【初撮り】ネットでAV応募→AV体験撮影870」：MGS動画,4.3,1635,21056,https://www.mgstage.com/monthly/shiroutotv/video/SIRO-3644/
SIRO-3702,「【初撮り】ネットでAV応募→AV体験撮影869」：MGS動画,3.7,198,8058,https://www.mgstage.com/monthly/shiroutotv/video/SIRO-3702/
SIRO-3720,「【初撮り】ネットでAV応募→AV体験撮影885男優チ○ポに大興奮♪久々のセックスで「おかしくなッちゃぅぅぅ」と失神寸前♪」：MGS動画,0.0,0,950,https://www.mgstage.com/monthly/shiroutotv/video/SIRO-3720/
SIRO-3718,「【初撮り】ネットでAV応募→AV体験撮影884おっとり雰囲気の脱力系OLが乳首ピン勃ちでガン極まり顔♪」：MGS動画,4.5,262,4899,https://www.mgstage.com/monthly/shiroutotv/video/SIRO-3718/
SIRO-3729,「【初撮り】ネットでAV応募→AV体験撮影883豊満Fカップおっぱいがたまらない！経験少なめ女子がAV初撮り！」：MGS動画,4.0,675,9480,https://www.mgstage.com/monthly/shiroutotv/video/SIRO-3729/
SIRO-3713,「【初撮り】ネットでAV応募→AV体験撮影882」：MGS動画,4.0,528,9951,https://www.mgstage.com/monthly/shiroutotv/video/SIRO-3713/
SIRO-3719,「【初撮り】ネットでAV応募→AV体験撮影881看護実習にはお金がかかる…ムチッとボディで稼いじゃお♪」：MGS動画,3.3,192,5260,https://www.mgstage.com/monthly/shiroutotv/video/SIRO-3719/
SIRO-3714,「応募素人、初AV撮影65留学費用を稼ぐ為にAV出演！極上フェラで男優早発？？」：MGS動画,3.7,1286,17699,https://www.mgstage.com/monthly/shiroutotv/video/SIRO-3714/
SIRO-3716,「【初撮り】ネットでAV応募→AV体験撮影880某野球チームのチアがAV出演で巨パイ鬼揺らし！」：MGS動画,4.0,1932,27000,https://www.mgstage.com/monthly/shiroutotv/video/SIRO-3716/
SIRO-3682,「【初撮り】ネットでAV応募→AV体験撮影879」：MGS動画,4.0,204,4688,https://www.mgstage.com/monthly/shiroutotv/video/SIRO-3682/
SIRO-3712,「【初撮り】ネットでAV応募→AV体験撮影878」：MGS動画,5.0,2003,28705,https://www.mgstage.com/monthly/shiroutotv/video/SIRO-3712/
SIRO-3711,「【初撮り】ネットでAV応募→AV体験撮影877」：MGS動画,4.0,684,14779,https://www.mgstage.com/monthly/shiroutotv/video/SIRO-3711/
SIRO-3706,「【初撮り】ネットでAV応募→AV体験撮影876」：MGS動画,4.0,96,5726,https://www.mgstage.com/monthly/shiroutotv/video/SIRO-3706/
SIRO-3690,「応募素人、初AV撮影64」：MGS動画,4.3,1926,26145,https://www.mgstage.com/monthly/shiroutotv/video/SIRO-3690/
SIRO-3710,「【初撮り】ネットでAV応募→AV体験撮影875」：MGS動画,4.5,1238,16783,https://www.mgstage.com/monthly/shiroutotv/video/SIRO-3710/
SIRO-3692,「【初撮り】ネットでAV応募→AV体験撮影874」：MGS動画,4.6,2499,28804,https://www.mgstage.com/monthly/shiroutotv/video/SIRO-3692/
SIRO-3698,「【初撮り】ネットでAV応募→AV体験撮影873」：MGS動画,4.0,438,10369,https://www.mgstage.com/monthly/shiroutotv/video/SIRO-3698/
SIRO-3705,「【初撮り】ネットでAV応募→AV体験撮影872」：MGS動画,4.5,963,17167,https://www.mgstage.com/monthly/shiroutotv/video/SIRO-3705/
SIRO-3703,「【初撮り】ネットでAV応募→AV体験撮影871」：MGS動画,3.3,214,6765,https://www.mgstage.com/monthly/shiroutotv/video/SIRO-3703/
SIRO-3691,「応募素人、初AV撮影63」：MGS動画,4.0,131,7171,https://www.mgstage.com/monthly/shiroutotv/video/SIRO-3691/
SIRO-3644,「【初撮り】ネットでAV応募→AV体験撮影870」：MGS動画,4.3,1635,21058,https://www.mgstage.com/monthly/shiroutotv/video/SIRO-3644/
SIRO-3702,「【初撮り】ネットでAV応募→AV体験撮影869」：MGS動画,3.7,198,8058,https://www.mgstage.com/monthly/shiroutotv/video/SIRO-3702/
SIRO-3674,「【初撮り】ネットでAV応募→AV体験撮影868」：MGS動画,4.7,7523,114760,https://www.mgstage.com/monthly/shiroutotv/video/SIRO-3674/
SIRO-3707,「【初撮り】ネットでAV応募→AV体験撮影867」：MGS動画,4.5,1536,33749,https://www.mgstage.com/monthly/shiroutotv/video/SIRO-3707/
SIRO-3693,「【初撮り】ネットでAV応募→AV体験撮影866」：MGS動画,4.6,1443,28727,https://www.mgstage.com/monthly/shiroutotv/video/SIRO-3693/
SIRO-3695,「【初撮り】ネットでAV応募→AV体験撮影865」：MGS動画,4.0,819,16642,https://www.mgstage.com/monthly/shiroutotv/video/SIRO-3695/
SIRO-3697,「【初撮り】ネットでAV応募→AV体験撮影864」：MGS動画,4.5,771,16923,https://www.mgstage.com/monthly/shiroutotv/video/SIRO-3697/
SIRO-3696,「【初撮り】ネットでAV応募→AV体験撮影863」：MGS動画,4.0,176,8150,https://www.mgstage.com/monthly/shiroutotv/video/SIRO-3696/
SIRO-3694,「【初撮り】ネットでAV応募→AV体験撮影862」：MGS動画,3.5,1113,25404,https://www.mgstage.com/monthly/shiroutotv/video/SIRO-3694/
SIRO-3687,「【初撮り】ネットでAV応募→AV体験撮影861」：MGS動画,4.2,2252,26790,https://www.mgstage.com/monthly/shiroutotv/video/SIRO-3687/
SIRO-3688,「【初撮り】ネットでAV応募→AV体験撮影860」：MGS動画,4.0,288,9735,https://www.mgstage.com/monthly/shiroutotv/video/SIRO-3688/
SIRO-3686,「【初撮り】ネットでAV応募→AV体験撮影859」：MGS動画,3.3,572,17678,https://www.mgstage.com/monthly/shiroutotv/video/SIRO-3686/
SIRO-3685,「【初撮り】ネットでAV応募→AV体験撮影858」：MGS動画,3.5,121,4777,https://www.mgstage.com/monthly/shiroutotv/video/SIRO-3685/
SIRO-3684,「【初撮り】ネットでAV応募→AV体験撮影857」：MGS動画,4.0,518,13495,https://www.mgstage.com/monthly/shiroutotv/video/SIRO-3684/
SIRO-3642,「【初撮り】ネットでAV応募→AV体験撮影856」：MGS動画,4.0,608,13937,https://www.mgstage.com/monthly/shiroutotv/video/SIRO-3642/
SIRO-3634,「【初撮り】ネットでAV応募→AV体験撮影855」：MGS動画,4.4,1683,32751,https://www.mgstage.com/monthly/shiroutotv/video/SIRO-3634/
SIRO-3653,「【初撮り】ネットでAV応募→AV体験撮影854」：MGS動画,4.0,198,6440,https://www.mgstage.com/monthly/shiroutotv/video/SIRO-3653/
SIRO-3683,「【初撮り】ネットでAV応募→AV体験撮影853」：MGS動画,4.0,630,12233,https://www.mgstage.com/monthly/shiroutotv/video/SIRO-3683/
SIRO-3680,「【初撮り】ネットでAV応募→AV体験撮影852」：MGS動画,4.6,4278,65851,https://www.mgstage.com/monthly/shiroutotv/video/SIRO-3680/
SIRO-3679,「【初撮り】ネットでAV応募→AV体験撮影851」：MGS動画,4.0,364,8112,https://www.mgstage.com/monthly/shiroutotv/video/SIRO-3679/
SIRO-3661,「応募素人、初AV撮影62」：MGS動画,3.2,1699,33154,https://www.mgstage.com/monthly/shiroutotv/video/SIRO-3661/
SIRO-3675,「【初撮り】ネットでAV応募→AV体験撮影」：MGS動画,3.0,297,8870,https://www.mgstage.com/monthly/shiroutotv/video/SIRO-3675/
SIRO-3667,「応募素人、初AV撮影61」：MGS動画,4.0,361,7668,https://www.mgstage.com/monthly/shiroutotv/video/SIRO-3667/
SIRO-3678,「応募素人、初AV撮影60」：MGS動画,3.7,1820,32886,https://www.mgstage.com/monthly/shiroutotv/video/SIRO-3678/
SIRO-3615,「【初撮り】ネットでAV応募→AV体験撮影850」：MGS動画,4.4,1820,27588,https://www.mgstage.com/monthly/shiroutotv/video/SIRO-3615/
SIRO-3672,「【初撮り】ネットでAV応募→AV体験撮影849」：MGS動画,3.6,345,11004,https://www.mgstage.com/monthly/shiroutotv/video/SIRO-3672/
SIRO-3677,「応募素人、初AV撮影59」：MGS動画,4.2,1612,25838,https://www.mgstage.com/monthly/shiroutotv/video/SIRO-3677/
SIRO-3657,「【初撮り】ネットでAV応募→AV体験撮影848」：MGS動画,4.4,2038,39474,https://www.mgstage.com/monthly/shiroutotv/video/SIRO-3657/
SIRO-3671,「【初撮り】ネットでAV応募→AV体験撮影847」：MGS動画,3.8,1065,17294,https://www.mgstage.com/monthly/shiroutotv/video/SIRO-3671/
SIRO-3639,「応募素人、初AV撮影58」：MGS動画,3.8,176,8284,https://www.mgstage.com/monthly/shiroutotv/video/SIRO-3639/
SIRO-3669,「【初撮り】ネットでAV応募→AV体験撮影846」：MGS動画,4.0,1971,31403,https://www.mgstage.com/monthly/shiroutotv/video/SIRO-3669/
SIRO-3585,「【初撮り】ネットでAV応募→AV体験撮影845」：MGS動画,4.0,435,8990,https://www.mgstage.com/monthly/shiroutotv/video/SIRO-3585/
SIRO-3579,「応募素人、初AV撮影57」：MGS動画,4.0,422,11677,https://www.mgstage.com/monthly/shiroutotv/video/SIRO-3579/
SIRO-3630,「【初撮り】ネットでAV応募→AV体験撮影844」：MGS動画,3.2,620,16680,https://www.mgstage.com/monthly/shiroutotv/video/SIRO-3630/
SIRO-3625,「【初撮り】ネットでAV応募→AV体験撮影843」：MGS動画,3.3,214,8735,https://www.mgstage.com/monthly/shiroutotv/video/SIRO-3625/
SIRO-3665,「【初撮り】ネットでAV応募→AV体験撮影842」：MGS動画,4.0,665,17400,https://www.mgstage.com/monthly/shiroutotv/video/SIRO-3665/
SIRO-3664,「【初撮り】ネットでAV応募→AV体験撮影841」：MGS動画,3.2,348,9806,https://www.mgstage.com/monthly/shiroutotv/video/SIRO-3664/
SIRO-3662,「【初撮り】ネットでAV応募→AV体験撮影840」：MGS動画,4.0,924,17414,https://www.mgstage.com/monthly/shiroutotv/video/SIRO-3662/
SIRO-3670,「【初撮り】ネットでAV応募→AV体験撮影839」：MGS動画,3.6,409,11658,https://www.mgstage.com/monthly/shiroutotv/video/SIRO-3670/
SIRO-3668,「応募素人、初AV撮影56」：MGS動画,4.0,230,10632,https://www.mgstage.com/monthly/shiroutotv/video/SIRO-3668/
SIRO-3666,「【初撮り】ネットでAV応募→AV体験撮影838」：MGS動画,4.8,6246,105711,https://www.mgstage.com/monthly/shiroutotv/video/SIRO-3666/
SIRO-3663,「【初撮り】ネットでAV応募→AV体験撮影837」：MGS動画,4.0,300,12278,https://www.mgstage.com/monthly/shiroutotv/video/SIRO-3663/
SIRO-3588,「応募素人、初AV撮影55」：MGS動画,3.2,352,9664,https://www.mgstage.com/monthly/shiroutotv/video/SIRO-3588/
SIRO-3659,「【初撮り】ネットでAV応募→AV体験撮影836」：MGS動画,4.3,1465,27447,https://www.mgstage.com/monthly/shiroutotv/video/SIRO-3659/
SIRO-3658,「【初撮り】ネットでAV応募→AV体験撮影835」：MGS動画,4.3,1404,21625,https://www.mgstage.com/monthly/shiroutotv/video/SIRO-3658/
SIRO-3660,「応募素人、初AV撮影54」：MGS動画,3.5,262,9897,https://www.mgstage.com/monthly/shiroutotv/video/SIRO-3660/
SIRO-3656,「【初撮り】ネットでAV応募→AV体験撮影834」：MGS動画,4.8,4400,64452,https://www.mgstage.com/monthly/shiroutotv/video/SIRO-3656/
SIRO-3652,「【初撮り】ネットでAV応募→AV体験撮影833」：MGS動画,4.0,2185,39836,https://www.mgstage.com/monthly/shiroutotv/video/SIRO-3652/
SIRO-3629,「応募素人、初AV撮影53」：MGS動画,4.0,249,10103,https://www.mgstage.com/monthly/shiroutotv/video/SIRO-3629/
SIRO-3545,「【初撮り】ネットでAV応募→AV体験撮影832」：MGS動画,3.6,454,14795,https://www.mgstage.com/monthly/shiroutotv/video/SIRO-3545/
SIRO-3628,「応募素人、初AV撮影52」：MGS動画,3.0,342,12931,https://www.mgstage.com/monthly/shiroutotv/video/SIRO-3628/
SIRO-3637,「【初撮り】ネットでAV応募→AV体験撮影831」：MGS動画,4.8,3078,48271,https://www.mgstage.com/monthly/shiroutotv/video/SIRO-3637/
SIRO-3612,「【初撮り】ネットでAV応募→AV体験撮影830」：MGS動画,4.0,534,13801,https://www.mgstage.com/monthly/shiroutotv/video/SIRO-3612/
SIRO-3571,「【初撮り】ネットでAV応募→AV体験撮影829」：MGS動画,4.0,662,14329,https://www.mgstage.com/monthly/shiroutotv/video/SIRO-3571/
SIRO-3651,「【初撮り】ネットでAV応募→AV体験撮影828」：MGS動画,4.2,2060,40101,https://www.mgstage.com/monthly/shiroutotv/video/SIRO-3651/
SIRO-3649,「【初撮り】ネットでAV応募→AV体験撮影827」：MGS動画,4.0,582,13537,https://www.mgstage.com/monthly/shiroutotv/video/SIRO-3649/
SIRO-3650,「【初撮り】ネットでAV応募→AV体験撮影826」：MGS動画,4.2,374,10249,https://www.mgstage.com/monthly/shiroutotv/video/SIRO-3650/
SIRO-3598,「【初撮り】ネットでAV応募→AV体験撮影825」：MGS動画,3.7,608,14247,https://www.mgstage.com/monthly/shiroutotv/video/SIRO-3598/
SIRO-3543,「【初撮り】ネットでAV応募→AV体験撮影824」：MGS動画,4.2,1008,15388,https://www.mgstage.com/monthly/shiroutotv/video/SIRO-3543/
SIRO-3596,「【初撮り】ネットでAV応募→AV体験撮影823」：MGS動画,4.0,2352,48712,https://www.mgstage.com/monthly/shiroutotv/video/SIRO-3596/
SIRO-3648,「【初撮り】ネットでAV応募→AV体験撮影822」：MGS動画,4.5,550,13747,https://www.mgstage.com/monthly/shiroutotv/video/SIRO-3648/
SIRO-3645,「【初撮り】ネットでAV応募→AV体験撮影821」：MGS動画,4.0,92,5362,https://www.mgstage.com/monthly/shiroutotv/video/SIRO-3645/
SIRO-3531,「【初撮り】ネットでAV応募→AV体験撮影820」：MGS動画,3.5,1689,27699,https://www.mgstage.com/monthly/shiroutotv/video/SIRO-3531/
SIRO-3643,「【初撮り】ネットでAV応募→AV体験撮影819」：MGS動画,3.3,265,8239,https://www.mgstage.com/monthly/shiroutotv/video/SIRO-3643/
SIRO-3577,「応募素人、初AV撮影51」：MGS動画,3.2,652,11840,https://www.mgstage.com/monthly/shiroutotv/video/SIRO-3577/
SIRO-3647,「【初撮り】ネットでAV応募→AV体験撮影818」：MGS動画,4.2,390,7307,https://www.mgstage.com/monthly/shiroutotv/video/SIRO-3647/
SIRO-3641,「【初撮り】ネットでAV応募→AV体験撮影817」：MGS動画,3.7,1318,30474,https://www.mgstage.com/monthly/shiroutotv/video/SIRO-3641/
SIRO-3640,「応募素人、初AV撮影50」：MGS動画,3.0,652,14547,https://www.mgstage.com/monthly/shiroutotv/video/SIRO-3640/
SIRO-3636,「【初撮り】ネットでAV応募→AV体験撮影816」：MGS動画,4.0,1552,31667,https://www.mgstage.com/monthly/shiroutotv/video/SIRO-3636/
SIRO-3635,「【初撮り】ネットでAV応募→AV体験撮影815」：MGS動画,3.8,2761,46546,https://www.mgstage.com/monthly/shiroutotv/video/SIRO-3635/
SIRO-3553,「応募素人、初AV撮影49」：MGS動画,3.3,662,14123,https://www.mgstage.com/monthly/shiroutotv/video/SIRO-3553/
SIRO-3593,「【初撮り】ネットでAV応募→AV体験撮影814」：MGS動画,4.0,1795,36562,https://www.mgstage.com/monthly/shiroutotv/video/SIRO-3593/
SIRO-3638,「【初撮り】ネットでAV応募→AV体験撮影813」：MGS動画,3.4,1273,24162,https://www.mgstage.com/monthly/shiroutotv/video/SIRO-3638/
SIRO-3626,「【初撮り】ネットでAV応募→AV体験撮影812」：MGS動画,3.5,364,10987,https://www.mgstage.com/monthly/shiroutotv/video/SIRO-3626/
SIRO-3624,「【初撮り】ネットでAV応募→AV体験撮影811」：MGS動画,4.0,393,10298,https://www.mgstage.com/monthly/shiroutotv/video/SIRO-3624/
SIRO-3623,「【初撮り】ネットでAV応募→AV体験撮影810」：MGS動画,3.3,233,10024,https://www.mgstage.com/monthly/shiroutotv/video/SIRO-3623/
SIRO-3621,「【初撮り】ネットでAV応募→AV体験撮影809」：MGS動画,4.0,620,13206,https://www.mgstage.com/monthly/shiroutotv/video/SIRO-3621/
SIRO-3500,「【初撮り】ネットでAV応募→AV体験撮影808」：MGS動画,3.8,662,15989,https://www.mgstage.com/monthly/shiroutotv/video/SIRO-3500/
SIRO-3633,「【初撮り】ネットでAV応募→AV体験撮影807」：MGS動画,3.6,377,12171,https://www.mgstage.com/monthly/shiroutotv/video/SIRO-3633/
SIRO-3632,「【初撮り】ネットでAV応募→AV体験撮影806」：MGS動画,3.7,361,10541,https://www.mgstage.com/monthly/shiroutotv/video/SIRO-3632/
SIRO-3619,「【初撮り】ネットでAV応募→AV体験撮影805」：MGS動画,3.4,3552,58328,https://www.mgstage.com/monthly/shiroutotv/video/SIRO-3619/
SIRO-3618,「【初撮り】ネットでAV応募→AV体験撮影804」：MGS動画,3.5,1270,29320,https://www.mgstage.com/monthly/shiroutotv/video/SIRO-3618/
SIRO-3616,「【初撮り】ネットでAV応募→AV体験撮影803」：MGS動画,3.5,438,13529,https://www.mgstage.com/monthly/shiroutotv/video/SIRO-3616/
SIRO-3613,「【初撮り】ネットでAV応募→AV体験撮影802」：MGS動画,3.5,134,8013,https://www.mgstage.com/monthly/shiroutotv/video/SIRO-3613/
SIRO-3610,「応募素人、初AV撮影48」：MGS動画,3.2,131,7322,https://www.mgstage.com/monthly/shiroutotv/video/SIRO-3610/
SIRO-3627,「【初撮り】ネットでAV応募→AV体験撮影801」：MGS動画,3.5,476,11063,https://www.mgstage.com/monthly/shiroutotv/video/SIRO-3627/
SIRO-3622,「【初撮り】ネットでAV応募→AV体験撮影800」：MGS動画,3.5,313,11539,https://www.mgstage.com/monthly/shiroutotv/video/SIRO-3622/
SIRO-3620,「【初撮り】ネットでAV応募→AV体験撮影799」：MGS動画,3.8,2784,53994,https://www.mgstage.com/monthly/shiroutotv/video/SIRO-3620/
SIRO-3557,「【初撮り】ネットでAV応募→AV体験撮影798」：MGS動画,3.7,931,17318,https://www.mgstage.com/monthly/shiroutotv/video/SIRO-3557/
SIRO-3609,「応募素人、初AV撮影47」：MGS動画,4.1,1123,22322,https://www.mgstage.com/monthly/shiroutotv/video/SIRO-3609/
SIRO-3605,「【初撮り】ネットでAV応募→AV体験撮影797」：MGS動画,3.0,99,5518,https://www.mgstage.com/monthly/shiroutotv/video/SIRO-3605/
SIRO-3561,「【初撮り】ネットでAV応募→AV体験撮影796」：MGS動画,3.6,556,14607,https://www.mgstage.com/monthly/shiroutotv/video/SIRO-3561/
SIRO-3611,「【初撮り】ネットでAV応募→AV体験撮影795」：MGS動画,3.6,1139,28404,https://www.mgstage.com/monthly/shiroutotv/video/SIRO-3611/
SIRO-3541,「【初撮り】ネットでAV応募→AV体験撮影794」：MGS動画,4.0,1388,31927,https://www.mgstage.com/monthly/shiroutotv/video/SIRO-3541/
SIRO-3602,「【初撮り】ネットでAV応募→AV体験撮影793」：MGS動画,2.6,92,6042,https://www.mgstage.com/monthly/shiroutotv/video/SIRO-3602/
SIRO-3601,「【初撮り】ネットでAV応募→AV体験撮影792」：MGS動画,4.0,928,18795,https://www.mgstage.com/monthly/shiroutotv/video/SIRO-3601/
SIRO-3600,「【初撮り】ネットでAV応募→AV体験撮影791」：MGS動画,4.0,368,12491,https://www.mgstage.com/monthly/shiroutotv/video/SIRO-3600/
SIRO-3599,「【初撮り】ネットでAV応募→AV体験撮影790」：MGS動画,3.6,374,9219,https://www.mgstage.com/monthly/shiroutotv/video/SIRO-3599/
SIRO-3597,「【初撮り】ネットでAV応募→AV体験撮影789」：MGS動画,3.5,489,11637,https://www.mgstage.com/monthly/shiroutotv/video/SIRO-3597/
SIRO-3614,「【初撮り】ネットでAV応募→AV体験撮影788」：MGS動画,3.2,2499,46608,https://www.mgstage.com/monthly/shiroutotv/video/SIRO-3614/
SIRO-3608,「【初撮り】ネットでAV応募→AV体験撮影787」：MGS動画,4.5,16851,277674,https://www.mgstage.com/monthly/shiroutotv/video/SIRO-3608/
SIRO-3569,「【初撮り】ネットでAV応募→AV体験撮影786」：MGS動画,4.1,771,16325,https://www.mgstage.com/monthly/shiroutotv/video/SIRO-3569/
SIRO-3594,「【初撮り】ネットでAV応募→AV体験撮影785」：MGS動画,4.3,451,15087,https://www.mgstage.com/monthly/shiroutotv/video/SIRO-3594/
SIRO-3590,「【初撮り】ネットでAV応募→AV体験撮影784」：MGS動画,4.0,1372,29187,https://www.mgstage.com/monthly/shiroutotv/video/SIRO-3590/
SIRO-3589,「【初撮り】ネットでAV応募→AV体験撮影783」：MGS動画,2.6,57,6280,https://www.mgstage.com/monthly/shiroutotv/video/SIRO-3589/
SIRO-3552,「応募素人、初AV撮影46」：MGS動画,3.5,323,11632,https://www.mgstage.com/monthly/shiroutotv/video/SIRO-3552/
SIRO-3606,「【初撮り】ネットでAV応募→AV体験撮影782」：MGS動画,3.6,336,10353,https://www.mgstage.com/monthly/shiroutotv/video/SIRO-3606/
SIRO-3604,「【初撮り】ネットでAV応募→AV体験撮影781」：MGS動画,3.8,124,7018,https://www.mgstage.com/monthly/shiroutotv/video/SIRO-3604/
SIRO-3509,「【初撮り】ネットでAV応募→AV体験撮影780」：MGS動画,3.5,1276,27731,https://www.mgstage.com/monthly/shiroutotv/video/SIRO-3509/
SIRO-3603,「【初撮り】ネットでAV応募→AV体験撮影779」：MGS動画,4.0,752,18005,https://www.mgstage.com/monthly/shiroutotv/video/SIRO-3603/
SIRO-3584,「【初撮り】ネットでAV応募→AV体験撮影778」：MGS動画,3.5,131,7254,https://www.mgstage.com/monthly/shiroutotv/video/SIRO-3584/
SIRO-3583,「【初撮り】ネットでAV応募→AV体験撮影777」：MGS動画,3.4,588,13642,https://www.mgstage.com/monthly/shiroutotv/video/SIRO-3583/
SIRO-3595,「【初撮り】ネットでAV応募→AV体験撮影776」：MGS動画,4.0,1200,23695,https://www.mgstage.com/monthly/shiroutotv/video/SIRO-3595/
SIRO-3480,「応募素人、初AV撮影45」：MGS動画,4.1,5689,89289,https://www.mgstage.com/monthly/shiroutotv/video/SIRO-3480/
SIRO-3592,「【初撮り】ネットでAV応募→AV体験撮影775」：MGS動画,4.2,643,16395,https://www.mgstage.com/monthly/shiroutotv/video/SIRO-3592/
SIRO-3565,「【初撮り】ネットでAV応募→AV体験撮影774」：MGS動画,4.0,1398,25830,https://www.mgstage.com/monthly/shiroutotv/video/SIRO-3565/
SIRO-3582,「【初撮り】ネットでAV応募→AV体験撮影773」：MGS動画,4.0,384,10574,https://www.mgstage.com/monthly/shiroutotv/video/SIRO-3582/
SIRO-3581,「【初撮り】ネットでAV応募→AV体験撮影772」：MGS動画,3.6,73,4962,https://www.mgstage.com/monthly/shiroutotv/video/SIRO-3581/
SIRO-3586,「【初撮り】ネットでAV応募→AV体験撮影771」：MGS動画,4.0,1161,21209,https://www.mgstage.com/monthly/shiroutotv/video/SIRO-3586/
SIRO-3580,「【初撮り】ネットでAV応募→AV体験撮影770」：MGS動画,3.6,835,17197,https://www.mgstage.com/monthly/shiroutotv/video/SIRO-3580/
SIRO-3559,「【初撮り】ネットでAV応募→AV体験撮影769」：MGS動画,3.4,1340,33488,https://www.mgstage.com/monthly/shiroutotv/video/SIRO-3559/
SIRO-3607,「【初撮り】ネットでAV応募→AV体験撮影768」：MGS動画,4.5,12240,318494,https://www.mgstage.com/monthly/shiroutotv/video/SIRO-3607/
SIRO-3575,「【初撮り】ネットでAV応募→AV体験撮影767」：MGS動画,3.5,940,26354,https://www.mgstage.com/monthly/shiroutotv/video/SIRO-3575/
SIRO-3591,「【初撮り】ネットでAV応募→AV体験撮影766」：MGS動画,4.5,2684,36488,https://www.mgstage.com/monthly/shiroutotv/video/SIRO-3591/
SIRO-3568,「【初撮り】ネットでAV応募→AV体験撮影765」：MGS動画,3.6,601,16472,https://www.mgstage.com/monthly/shiroutotv/video/SIRO-3568/
SIRO-3534,「【初撮り】ネットでAV応募→AV体験撮影764」：MGS動画,4.0,1132,22522,https://www.mgstage.com/monthly/shiroutotv/video/SIRO-3534/
SIRO-3587,「応募素人、初AV撮影44」：MGS動画,4.4,969,21376,https://www.mgstage.com/monthly/shiroutotv/video/SIRO-3587/
SIRO-3576,「応募素人、初AV撮影43」：MGS動画,3.5,441,12765,https://www.mgstage.com/monthly/shiroutotv/video/SIRO-3576/
SIRO-3574,「【初撮り】ネットでAV応募→AV体験撮影763」：MGS動画,3.8,2048,35832,https://www.mgstage.com/monthly/shiroutotv/video/SIRO-3574/
SIRO-3562,「【初撮り】ネットでAV応募→AV体験撮影762」：MGS動画,3.4,3865,72771,https://www.mgstage.com/monthly/shiroutotv/video/SIRO-3562/
SIRO-3573,「【初撮り】ネットでAV応募→AV体験撮影761」：MGS動画,3.6,102,8110,https://www.mgstage.com/monthly/shiroutotv/video/SIRO-3573/
SIRO-3572,「【初撮り】ネットでAV応募→AV体験撮影760」：MGS動画,4.0,425,10421,https://www.mgstage.com/monthly/shiroutotv/video/SIRO-3572/
SIRO-3505,「【初撮り】ネットでAV応募→AV体験撮影759」：MGS動画,3.8,873,18699,https://www.mgstage.com/monthly/shiroutotv/video/SIRO-3505/
SIRO-3537,「【初撮り】ネットでAV応募→AV体験撮影758」：MGS動画,4.5,2707,36695,https://www.mgstage.com/monthly/shiroutotv/video/SIRO-3537/
SIRO-3567,「【初撮り】ネットでAV応募→AV体験撮影757」：MGS動画,3.8,806,17205,https://www.mgstage.com/monthly/shiroutotv/video/SIRO-3567/
SIRO-3578,「応募素人、初AV撮影42」：MGS動画,4.5,1673,22946,https://www.mgstage.com/monthly/shiroutotv/video/SIRO-3578/
SIRO-3491,「【初撮り】ネットでAV応募→AV体験撮影756」：MGS動画,4.0,1804,26285,https://www.mgstage.com/monthly/shiroutotv/video/SIRO-3491/
SIRO-3564,「【初撮り】ネットでAV応募→AV体験撮影755」：MGS動画,4.0,595,13730,https://www.mgstage.com/monthly/shiroutotv/video/SIRO-3564/
SIRO-3563,「【初撮り】ネットでAV応募→AV体験撮影754」：MGS動画,4.0,1382,23783,https://www.mgstage.com/monthly/shiroutotv/video/SIRO-3563/
SIRO-3560,「【初撮り】ネットでAV応募→AV体験撮影753」：MGS動画,3.6,944,22470,https://www.mgstage.com/monthly/shiroutotv/video/SIRO-3560/
SIRO-3518,「【初撮り】ネットでAV応募→AV体験撮影752」：MGS動画,4.1,825,13824,https://www.mgstage.com/monthly/shiroutotv/video/SIRO-3518/
SIRO-3570,「【初撮り】ネットでAV応募→AV体験撮影751」：MGS動画,3.3,425,12107,https://www.mgstage.com/monthly/shiroutotv/video/SIRO-3570/
SIRO-3566,「【初撮り】ネットでAV応募→AV体験撮影750」：MGS動画,4.2,332,11926,https://www.mgstage.com/monthly/shiroutotv/video/SIRO-3566/
SIRO-3533,「【初撮り】ネットでAV応募→AV体験撮影749」：MGS動画,4.1,2214,39104,https://www.mgstage.com/monthly/shiroutotv/video/SIRO-3533/
SIRO-3558,「【初撮り】ネットでAV応募→AV体験撮影748」：MGS動画,2.6,454,14734,https://www.mgstage.com/monthly/shiroutotv/video/SIRO-3558/
SIRO-3556,「【初撮り】ネットでAV応募→AV体験撮影747」：MGS動画,3.6,166,7170,https://www.mgstage.com/monthly/shiroutotv/video/SIRO-3556/
SIRO-3555,「【初撮り】ネットでAV応募→AV体験撮影746」：MGS動画,3.7,387,8804,https://www.mgstage.com/monthly/shiroutotv/video/SIRO-3555/
SIRO-3454,「【初撮り】ネットでAV応募→AV体験撮影745」：MGS動画,3.3,188,9093,https://www.mgstage.com/monthly/shiroutotv/video/SIRO-3454/
SIRO-3511,「応募素人、初AV撮影41」：MGS動画,3.5,307,9550,https://www.mgstage.com/monthly/shiroutotv/video/SIRO-3511/
SIRO-3510,「【初撮り】ネットでAV応募→AV体験撮影744」：MGS動画,3.7,3180,52588,https://www.mgstage.com/monthly/shiroutotv/video/SIRO-3510/
SIRO-3554,「【初撮り】ネットでAV応募→AV体験撮影743」：MGS動画,3.6,371,13658,https://www.mgstage.com/monthly/shiroutotv/video/SIRO-3554/
SIRO-3551,「応募素人、初AV撮影40」：MGS動画,4.0,208,8812,https://www.mgstage.com/monthly/shiroutotv/video/SIRO-3551/
SIRO-3549,「応募素人、初AV撮影39」：MGS動画,3.6,358,9910,https://www.mgstage.com/monthly/shiroutotv/video/SIRO-3549/
SIRO-3550,「応募素人、初AV撮影38」：MGS動画,2.8,297,11838,https://www.mgstage.com/monthly/shiroutotv/video/SIRO-3550/
SIRO-3548,「【初撮り】ネットでAV応募→AV体験撮影742」：MGS動画,4.0,1792,39647,https://www.mgstage.com/monthly/shiroutotv/video/SIRO-3548/
SIRO-3508,「【初撮り】ネットでAV応募→AV体験撮影741」：MGS動画,4.3,4291,60823,https://www.mgstage.com/monthly/shiroutotv/video/SIRO-3508/
SIRO-3546,「【初撮り】ネットでAV応募→AV体験撮影740」：MGS動画,4.1,486,11107,https://www.mgstage.com/monthly/shiroutotv/video/SIRO-3546/
SIRO-3547,「【初撮り】ネットでAV応募→AV体験撮影739」：MGS動画,3.0,214,10962,https://www.mgstage.com/monthly/shiroutotv/video/SIRO-3547/
SIRO-3476,「【初撮り】ネットでAV応募→AV体験撮影738」：MGS動画,4.3,1030,17658,https://www.mgstage.com/monthly/shiroutotv/video/SIRO-3476/
SIRO-3540,「【初撮り】ネットでAV応募→AV体験撮影737」：MGS動画,4.3,11952,213003,https://www.mgstage.com/monthly/shiroutotv/video/SIRO-3540/
SIRO-3539,「【初撮り】ネットでAV応募→AV体験撮影736」：MGS動画,3.3,307,11963,https://www.mgstage.com/monthly/shiroutotv/video/SIRO-3539/
SIRO-3536,「【初撮り】ネットでAV応募→AV体験撮影735」：MGS動画,4.0,1052,21479,https://www.mgstage.com/monthly/shiroutotv/video/SIRO-3536/
SIRO-3544,「【初撮り】ネットでAV応募→AV体験撮影734」：MGS動画,3.6,3155,50436,https://www.mgstage.com/monthly/shiroutotv/video/SIRO-3544/
SIRO-3542,「【初撮り】ネットでAV応募→AV体験撮影733」：MGS動画,4.0,588,13967,https://www.mgstage.com/monthly/shiroutotv/video/SIRO-3542/
SIRO-3529,「【初撮り】ネットでAV応募→AV体験撮影732」：MGS動画,4.0,1443,24978,https://www.mgstage.com/monthly/shiroutotv/video/SIRO-3529/
SIRO-3528,「【初撮り】ネットでAV応募→AV体験撮影731」：MGS動画,4.0,192,6791,https://www.mgstage.com/monthly/shiroutotv/video/SIRO-3528/
SIRO-3527,「【初撮り】ネットでAV応募→AV体験撮影730」：MGS動画,4.1,2540,35326,https://www.mgstage.com/monthly/shiroutotv/video/SIRO-3527/
SIRO-3532,「【初撮り】ネットでAV応募→AV体験撮影729」：MGS動画,2.7,329,14592,https://www.mgstage.com/monthly/shiroutotv/video/SIRO-3532/
SIRO-3538,「【初撮り】ネットでAV応募→AV体験撮影728」：MGS動画,4.0,1212,21539,https://www.mgstage.com/monthly/shiroutotv/video/SIRO-3538/
SIRO-3530,「【初撮り】ネットでAV応募→AV体験撮影727」：MGS動画,3.2,1635,30239,https://www.mgstage.com/monthly/shiroutotv/video/SIRO-3530/
SIRO-3535,「【初撮り】ネットでAV応募→AV体験撮影726」：MGS動画,3.4,611,16233,https://www.mgstage.com/monthly/shiroutotv/video/SIRO-3535/
SIRO-3486,「【初撮り】ネットでAV応募→AV体験撮影725」：MGS動画,3.6,313,11000,https://www.mgstage.com/monthly/shiroutotv/video/SIRO-3486/
SIRO-3523,「応募素人、初AV撮影37」：MGS動画,4.3,1692,25820,https://www.mgstage.com/monthly/shiroutotv/video/SIRO-3523/
SIRO-3520,「【初撮り】ネットでAV応募→AV体験撮影724」：MGS動画,3.3,140,7012,https://www.mgstage.com/monthly/shiroutotv/video/SIRO-3520/
SIRO-3519,「【初撮り】ネットでAV応募→AV体験撮影723」：MGS動画,4.0,3753,65774,https://www.mgstage.com/monthly/shiroutotv/video/SIRO-3519/
SIRO-3517,「【初撮り】ネットでAV応募→AV体験撮影722」：MGS動画,3.4,1417,23469,https://www.mgstage.com/monthly/shiroutotv/video/SIRO-3517/
SIRO-3525,「【初撮り】ネットでAV応募→AV体験撮影721」：MGS動画,3.6,1776,31916,https://www.mgstage.com/monthly/shiroutotv/video/SIRO-3525/
SIRO-3461,「【初撮り】ネットでAV応募→AV体験撮影720」：MGS動画,3.7,1212,25201,https://www.mgstage.com/monthly/shiroutotv/video/SIRO-3461/
SIRO-3513,「【初撮り】ネットでAV応募→AV体験撮影719」：MGS動画,3.6,480,13229,https://www.mgstage.com/monthly/shiroutotv/video/SIRO-3513/
SIRO-3507,「【初撮り】ネットでAV応募→AV体験撮影718」：MGS動画,3.3,620,16028,https://www.mgstage.com/monthly/shiroutotv/video/SIRO-3507/
SIRO-3524,「応募素人、初AV撮影36」：MGS動画,3.7,560,12953,https://www.mgstage.com/monthly/shiroutotv/video/SIRO-3524/
SIRO-3526,「【初撮り】ネットでAV応募→AV体験撮影717」：MGS動画,4.0,608,12803,https://www.mgstage.com/monthly/shiroutotv/video/SIRO-3526/
SIRO-3443,「応募素人、初AV撮影35」：MGS動画,3.6,320,13068,https://www.mgstage.com/monthly/shiroutotv/video/SIRO-3443/
SIRO-3522,「【初撮り】ネットでAV応募→AV体験撮影716」：MGS動画,4.3,1414,26952,https://www.mgstage.com/monthly/shiroutotv/video/SIRO-3522/
SIRO-3521,「【初撮り】ネットでAV応募→AV体験撮影715」：MGS動画,3.7,441,10115,https://www.mgstage.com/monthly/shiroutotv/video/SIRO-3521/
SIRO-3506,「【初撮り】ネットでAV応募→AV体験撮影714」：MGS動画,3.2,2886,63283,https://www.mgstage.com/monthly/shiroutotv/video/SIRO-3506/
SIRO-3504,「【初撮り】ネットでAV応募→AV体験撮影713」：MGS動画,3.5,121,8194,https://www.mgstage.com/monthly/shiroutotv/video/SIRO-3504/
SIRO-3501,「【初撮り】ネットでAV応募→AV体験撮影712」：MGS動画,4.2,2342,36493,https://www.mgstage.com/monthly/shiroutotv/video/SIRO-3501/
SIRO-3497,「【初撮り】ネットでAV応募→AV体験撮影711」：MGS動画,3.6,268,10049,https://www.mgstage.com/monthly/shiroutotv/video/SIRO-3497/
SIRO-3496,「応募素人、初AV撮影34」：MGS動画,3.6,432,13829,https://www.mgstage.com/monthly/shiroutotv/video/SIRO-3496/
SIRO-3515,「【初撮り】ネットでAV応募→AV体験撮影710」：MGS動画,3.7,563,14904,https://www.mgstage.com/monthly/shiroutotv/video/SIRO-3515/
SIRO-3514,「【初撮り】ネットでAV応募→AV体験撮影709」：MGS動画,4.0,265,11119,https://www.mgstage.com/monthly/shiroutotv/video/SIRO-3514/
SIRO-3493,「【初撮り】ネットでAV応募→AV体験撮影708」：MGS動画,4.0,531,11799,https://www.mgstage.com/monthly/shiroutotv/video/SIRO-3493/
SIRO-3503,「【初撮り】ネットでAV応募→AV体験撮影707」：MGS動画,3.6,1897,32439,https://www.mgstage.com/monthly/shiroutotv/video/SIRO-3503/
SIRO-3499,「【初撮り】ネットでAV応募→AV体験撮影706」：MGS動画,3.5,188,7095,https://www.mgstage.com/monthly/shiroutotv/video/SIRO-3499/
SIRO-3498,「【初撮り】ネットでAV応募→AV体験撮影705」：MGS動画,3.3,281,11727,https://www.mgstage.com/monthly/shiroutotv/video/SIRO-3498/
SIRO-3512,「【初撮り】ネットでAV応募→AV体験撮影704」：MGS動画,4.4,6172,115608,https://www.mgstage.com/monthly/shiroutotv/video/SIRO-3512/
SIRO-3516,「【初撮り】ネットでAV応募→AV体験撮影703」：MGS動画,4.2,1702,23748,https://www.mgstage.com/monthly/shiroutotv/video/SIRO-3516/
SIRO-3495,「応募素人、初AV撮影33」：MGS動画,3.4,288,8629,https://www.mgstage.com/monthly/shiroutotv/video/SIRO-3495/
SIRO-3494,「【初撮り】ネットでAV応募→AV体験撮影702」：MGS動画,3.3,1625,30797,https://www.mgstage.com/monthly/shiroutotv/video/SIRO-3494/
SIRO-3492,「【初撮り】ネットでAV応募→AV体験撮影701」：MGS動画,4.2,665,15713,https://www.mgstage.com/monthly/shiroutotv/video/SIRO-3492/
SIRO-3490,「【初撮り】ネットでAV応募→AV体験撮影700」：MGS動画,4.2,252,9545,https://www.mgstage.com/monthly/shiroutotv/video/SIRO-3490/
SIRO-3489,「【初撮り】ネットでAV応募→AV体験撮影699」：MGS動画,3.3,515,13103,https://www.mgstage.com/monthly/shiroutotv/video/SIRO-3489/
SIRO-3485,「【初撮り】ネットでAV応募→AV体験撮影698」：MGS動画,3.6,995,22124,https://www.mgstage.com/monthly/shiroutotv/video/SIRO-3485/
SIRO-3502,「【初撮り】ネットでAV応募→AV体験撮影697」：MGS動画,3.4,5843,97834,https://www.mgstage.com/monthly/shiroutotv/video/SIRO-3502/
SIRO-3488,「【初撮り】ネットでAV応募→AV体験撮影696」：MGS動画,4.2,3811,47160,https://www.mgstage.com/monthly/shiroutotv/video/SIRO-3488/
SIRO-3484,「【初撮り】ネットでAV応募→AV体験撮影695」：MGS動画,4.0,336,11150,https://www.mgstage.com/monthly/shiroutotv/video/SIRO-3484/
SIRO-3487,「【初撮り】ネットでAV応募→AV体験撮影694」：MGS動画,3.6,496,18667,https://www.mgstage.com/monthly/shiroutotv/video/SIRO-3487/
SIRO-3483,「【初撮り】ネットでAV応募→AV体験撮影693」：MGS動画,4.5,563,14278,https://www.mgstage.com/monthly/shiroutotv/video/SIRO-3483/
SIRO-3482,「【初撮り】ネットでAV応募→AV体験撮影692」：MGS動画,3.5,272,11776,https://www.mgstage.com/monthly/shiroutotv/video/SIRO-3482/
SIRO-3481,「【初撮り】ネットでAV応募→AV体験撮影691」：MGS動画,4.0,5555,105656,https://www.mgstage.com/monthly/shiroutotv/video/SIRO-3481/
SIRO-3479,「応募素人、初AV撮影32」：MGS動画,4.1,1433,23628,https://www.mgstage.com/monthly/shiroutotv/video/SIRO-3479/
SIRO-3475,「【初撮り】ネットでAV応募→AV体験撮影690」：MGS動画,3.8,1340,34411,https://www.mgstage.com/monthly/shiroutotv/video/SIRO-3475/
SIRO-3433,「【初撮り】ネットでAV応募→AV体験撮影689」：MGS動画,4.0,483,15334,https://www.mgstage.com/monthly/shiroutotv/video/SIRO-3433/
SIRO-3478,「【初撮り】ネットでAV応募→AV体験撮影688」：MGS動画,3.5,592,14141,https://www.mgstage.com/monthly/shiroutotv/video/SIRO-3478/
SIRO-3477,「【初撮り】ネットでAV応募→AV体験撮影687」：MGS動画,3.7,3833,56251,https://www.mgstage.com/monthly/shiroutotv/video/SIRO-3477/
SIRO-3455,「【初撮り】ネットでAV応募→AV体験撮影686」：MGS動画,4.2,876,16333,https://www.mgstage.com/monthly/shiroutotv/video/SIRO-3455/
SIRO-3438,「【初撮り】ネットでAV応募→AV体験撮影685」：MGS動画,4.0,768,17410,https://www.mgstage.com/monthly/shiroutotv/video/SIRO-3438/
SIRO-3473,「【初撮り】ネットでAV応募→AV体験撮影684」：MGS動画,4.5,652,14758,https://www.mgstage.com/monthly/shiroutotv/video/SIRO-3473/
SIRO-3472,「【初撮り】ネットでAV応募→AV体験撮影683」：MGS動画,4.5,2268,46188,https://www.mgstage.com/monthly/shiroutotv/video/SIRO-3472/
SIRO-3468,「【初撮り】ネットでAV応募→AV体験撮影682」：MGS動画,4.4,2796,55068,https://www.mgstage.com/monthly/shiroutotv/video/SIRO-3468/
SIRO-3474,「【初撮り】ネットでAV応募→AV体験撮影681」：MGS動画,3.5,297,9663,https://www.mgstage.com/monthly/shiroutotv/video/SIRO-3474/
SIRO-3471,「【初撮り】ネットでAV応募→AV体験撮影680」：MGS動画,3.6,364,11698,https://www.mgstage.com/monthly/shiroutotv/video/SIRO-3471/
SIRO-3470,「【初撮り】ネットでAV応募→AV体験撮影679」：MGS動画,3.6,777,19098,https://www.mgstage.com/monthly/shiroutotv/video/SIRO-3470/
SIRO-3467,「【初撮り】ネットでAV応募→AV体験撮影678」：MGS動画,3.4,1075,23610,https://www.mgstage.com/monthly/shiroutotv/video/SIRO-3467/
SIRO-3469,「【初撮り】ネットでAV応募→AV体験撮影677」：MGS動画,4.4,5264,65250,https://www.mgstage.com/monthly/shiroutotv/video/SIRO-3469/
SIRO-3463,「【初撮り】ネットでAV応募→AV体験撮影676」：MGS動画,3.8,336,13808,https://www.mgstage.com/monthly/shiroutotv/video/SIRO-3463/
SIRO-3462,「【初撮り】ネットでAV応募→AV体験撮影675」：MGS動画,4.5,793,20415,https://www.mgstage.com/monthly/shiroutotv/video/SIRO-3462/
SIRO-3450,「【初撮り】ネットでAV応募→AV体験撮影674」：MGS動画,3.5,1516,35229,https://www.mgstage.com/monthly/shiroutotv/video/SIRO-3450/
SIRO-3449,「【初撮り】ネットでAV応募→AV体験撮影673」：MGS動画,4.3,550,16587,https://www.mgstage.com/monthly/shiroutotv/video/SIRO-3449/
SIRO-3460,「【初撮り】ネットでAV応募→AV体験撮影672」：MGS動画,3.0,156,9714,https://www.mgstage.com/monthly/shiroutotv/video/SIRO-3460/
SIRO-3466,「【初撮り】ネットでAV応募→AV体験撮影671」：MGS動画,4.0,2614,38022,https://www.mgstage.com/monthly/shiroutotv/video/SIRO-3466/
SIRO-3465,「【初撮り】ネットでAV応募→AV体験撮影670」：MGS動画,4.2,12067,259140,https://www.mgstage.com/monthly/shiroutotv/video/SIRO-3465/
SIRO-3464,「【初撮り】ネットでAV応募→AV体験撮影669」：MGS動画,4.4,1772,30531,https://www.mgstage.com/monthly/shiroutotv/video/SIRO-3464/
SIRO-3444,「応募素人、初AV撮影31」：MGS動画,3.6,233,11812,https://www.mgstage.com/monthly/shiroutotv/video/SIRO-3444/
SIRO-3448,「【初撮り】ネットでAV応募→AV体験撮影668」：MGS動画,4.0,134,8396,https://www.mgstage.com/monthly/shiroutotv/video/SIRO-3448/
SIRO-3453,「【初撮り】ネットでAV応募→AV体験撮影667」：MGS動画,3.3,128,6735,https://www.mgstage.com/monthly/shiroutotv/video/SIRO-3453/
SIRO-3452,「【初撮り】ネットでAV応募→AV体験撮影666」：MGS動画,3.3,457,19865,https://www.mgstage.com/monthly/shiroutotv/video/SIRO-3452/
SIRO-3451,「【初撮り】ネットでAV応募→AV体験撮影665」：MGS動画,3.6,476,15941,https://www.mgstage.com/monthly/shiroutotv/video/SIRO-3451/
SIRO-3459,「【初撮り】ネットでAV応募→AV体験撮影664」：MGS動画,4.1,937,19746,https://www.mgstage.com/monthly/shiroutotv/video/SIRO-3459/
SIRO-3458,「【初撮り】ネットでAV応募→AV体験撮影663」：MGS動画,3.8,1123,24023,https://www.mgstage.com/monthly/shiroutotv/video/SIRO-3458/
SIRO-3457,「【初撮り】ネットでAV応募→AV体験撮影662」：MGS動画,3.3,198,8281,https://www.mgstage.com/monthly/shiroutotv/video/SIRO-3457/
SIRO-3447,「【初撮り】ネットでAV応募→AV体験撮影661」：MGS動画,3.0,1276,33152,https://www.mgstage.com/monthly/shiroutotv/video/SIRO-3447/
SIRO-3446,「応募素人、初AV撮影30」：MGS動画,4.0,332,11763,https://www.mgstage.com/monthly/shiroutotv/video/SIRO-3446/
SIRO-3445,「応募素人、初AV撮影29」：MGS動画,3.7,329,15535,https://www.mgstage.com/monthly/shiroutotv/video/SIRO-3445/
SIRO-3420,「【初撮り】ネットでAV応募→AV体験撮影660」：MGS動画,3.3,252,9276,https://www.mgstage.com/monthly/shiroutotv/video/SIRO-3420/
SIRO-3391,「【初撮り】ネットでAV応募→AV体験撮影659」：MGS動画,4.0,940,20941,https://www.mgstage.com/monthly/shiroutotv/video/SIRO-3391/
SIRO-3437,「【初撮り】ネットでAV応募→AV体験撮影658」：MGS動画,3.7,1100,26823,https://www.mgstage.com/monthly/shiroutotv/video/SIRO-3437/
SIRO-3442,「【初撮り】ネットでAV応募→AV体験撮影657」：MGS動画,4.3,441,11431,https://www.mgstage.com/monthly/shiroutotv/video/SIRO-3442/
SIRO-3441,「【初撮り】ネットでAV応募→AV体験撮影656」：MGS動画,3.3,323,9983,https://www.mgstage.com/monthly/shiroutotv/video/SIRO-3441/
SIRO-3439,「【初撮り】ネットでAV応募→AV体験撮影655」：MGS動画,3.5,265,8902,https://www.mgstage.com/monthly/shiroutotv/video/SIRO-3439/
SIRO-3440,「【初撮り】ネットでAV応募→AV体験撮影654」：MGS動画,3.7,998,24061,https://www.mgstage.com/monthly/shiroutotv/video/SIRO-3440/
SIRO-3436,「【初撮り】ネットでAV応募→AV体験撮影653」：MGS動画,4.0,956,21088,https://www.mgstage.com/monthly/shiroutotv/video/SIRO-3436/
SIRO-3435,「【初撮り】ネットでAV応募→AV体験撮影652」：MGS動画,5.0,774,18500,https://www.mgstage.com/monthly/shiroutotv/video/SIRO-3435/
SIRO-3434,「【初撮り】ネットでAV応募→AV体験撮影651」：MGS動画,4.2,656,17005,https://www.mgstage.com/monthly/shiroutotv/video/SIRO-3434/
SIRO-3416,「【初撮り】ネットでAV応募→AV体験撮影650」：MGS動画,3.3,880,21207,https://www.mgstage.com/monthly/shiroutotv/video/SIRO-3416/
SIRO-3414,「【初撮り】ネットでAV応募→AV体験撮影649」：MGS動画,4.0,304,10644,https://www.mgstage.com/monthly/shiroutotv/video/SIRO-3414/
SIRO-3413,「【初撮り】ネットでAV応募→AV体験撮影648」：MGS動画,3.5,230,9421,https://www.mgstage.com/monthly/shiroutotv/video/SIRO-3413/
SIRO-3393,「【初撮り】ネットでAV応募→AV体験撮影647」：MGS動画,4.0,230,7607,https://www.mgstage.com/monthly/shiroutotv/video/SIRO-3393/
SIRO-3374,「【初撮り】ネットでAV応募→AV体験撮影646」：MGS動画,4.0,464,10912,https://www.mgstage.com/monthly/shiroutotv/video/SIRO-3374/
SIRO-3432,「【初撮り】ネットでAV応募→AV体験撮影645」：MGS動画,3.5,278,9143,https://www.mgstage.com/monthly/shiroutotv/video/SIRO-3432/
SIRO-3431,「【初撮り】ネットでAV応募→AV体験撮影644」：MGS動画,4.0,371,13442,https://www.mgstage.com/monthly/shiroutotv/video/SIRO-3431/
SIRO-3430,「【初撮り】ネットでAV応募→AV体験撮影643」：MGS動画,3.5,1472,28516,https://www.mgstage.com/monthly/shiroutotv/video/SIRO-3430/
SIRO-3428,「応募素人、初AV撮影28」：MGS動画,4.0,233,9322,https://www.mgstage.com/monthly/shiroutotv/video/SIRO-3428/
SIRO-3427,「応募素人、初AV撮影27」：MGS動画,4.0,435,14809,https://www.mgstage.com/monthly/shiroutotv/video/SIRO-3427/
SIRO-3406,「応募素人、初AV撮影26」：MGS動画,4.0,499,13939,https://www.mgstage.com/monthly/shiroutotv/video/SIRO-3406/
SIRO-3425,「【初撮り】ネットでAV応募→AV体験撮影642」：MGS動画,3.6,582,16777,https://www.mgstage.com/monthly/shiroutotv/video/SIRO-3425/
SIRO-3424,「【初撮り】ネットでAV応募→AV体験撮影641」：MGS動画,3.6,448,12728,https://www.mgstage.com/monthly/shiroutotv/video/SIRO-3424/
SIRO-3422,「【初撮り】ネットでAV応募→AV体験撮影640」：MGS動画,3.7,960,24044,https://www.mgstage.com/monthly/shiroutotv/video/SIRO-3422/
SIRO-3421,「【初撮り】ネットでAV応募→AV体験撮影639」：MGS動画,3.7,310,13446,https://www.mgstage.com/monthly/shiroutotv/video/SIRO-3421/
SIRO-3429,「応募素人、初AV撮影25」：MGS動画,4.3,1564,28705,https://www.mgstage.com/monthly/shiroutotv/video/SIRO-3429/
SIRO-3456,「【初撮り】ネットでAV応募→AV体験撮影638」：MGS動画,3.7,4656,150379,https://www.mgstage.com/monthly/shiroutotv/video/SIRO-3456/
SIRO-3423,「【初撮り】ネットでAV応募→AV体験撮影637」：MGS動画,3.3,1977,32818,https://www.mgstage.com/monthly/shiroutotv/video/SIRO-3423/
SIRO-3419,「【初撮り】ネットでAV応募→AV体験撮影636」：MGS動画,4.0,419,14103,https://www.mgstage.com/monthly/shiroutotv/video/SIRO-3419/
SIRO-3383,「【初撮り】ネットでAV応募→AV体験撮影635」：MGS動画,4.6,3388,77183,https://www.mgstage.com/monthly/shiroutotv/video/SIRO-3383/
SIRO-3354,「【初撮り】ネットでAV応募→AV体験撮影634」：MGS動画,4.0,828,21109,https://www.mgstage.com/monthly/shiroutotv/video/SIRO-3354/
SIRO-3418,「【初撮り】ネットでAV応募→AV体験撮影633」：MGS動画,4.5,492,11952,https://www.mgstage.com/monthly/shiroutotv/video/SIRO-3418/
SIRO-3412,「【初撮り】ネットでAV応募→AV体験撮影632」：MGS動画,4.0,195,9191,https://www.mgstage.com/monthly/shiroutotv/video/SIRO-3412/
SIRO-3411,「【初撮り】ネットでAV応募→AV体験撮影631」：MGS動画,3.5,288,8517,https://www.mgstage.com/monthly/shiroutotv/video/SIRO-3411/
SIRO-3410,「【初撮り】ネットでAV応募→AV体験撮影630」：MGS動画,4.0,304,11467,https://www.mgstage.com/monthly/shiroutotv/video/SIRO-3410/
SIRO-3408,「応募素人、初AV撮影24」：MGS動画,3.0,92,6172,https://www.mgstage.com/monthly/shiroutotv/video/SIRO-3408/
SIRO-3372,「【初撮り】ネットでAV応募→AV体験撮影629」：MGS動画,4.0,361,10110,https://www.mgstage.com/monthly/shiroutotv/video/SIRO-3372/
SIRO-3409,「【初撮り】ネットでAV応募→AV体験撮影628」：MGS動画,4.1,2550,38539,https://www.mgstage.com/monthly/shiroutotv/video/SIRO-3409/
SIRO-3415,「【初撮り】ネットでAV応募→AV体験撮影627」：MGS動画,3.0,5017,100542,https://www.mgstage.com/monthly/shiroutotv/video/SIRO-3415/
SIRO-3396,「応募素人、初AV撮影23」：MGS動画,3.5,464,14370,https://www.mgstage.com/monthly/shiroutotv/video/SIRO-3396/
SIRO-3373,「【初撮り】ネットでAV応募→AV体験撮影626」：MGS動画,2.6,288,12706,https://www.mgstage.com/monthly/shiroutotv/video/SIRO-3373/
SIRO-3384,「【初撮り】ネットでAV応募→AV体験撮影625」：MGS動画,3.2,291,9575,https://www.mgstage.com/monthly/shiroutotv/video/SIRO-3384/
SIRO-3405,「【初撮り】ネットでAV応募→AV体験撮影624」：MGS動画,3.7,422,11383,https://www.mgstage.com/monthly/shiroutotv/video/SIRO-3405/
SIRO-3404,「【初撮り】ネットでAV応募→AV体験撮影623」：MGS動画,3.4,329,10253,https://www.mgstage.com/monthly/shiroutotv/video/SIRO-3404/
SIRO-3401,「【初撮り】ネットでAV応募→AV体験撮影622」：MGS動画,4.1,7510,214987,https://www.mgstage.com/monthly/shiroutotv/video/SIRO-3401/
SIRO-3403,「【初撮り】ネットでAV応募→AV体験撮影621」：MGS動画,4.0,556,15649,https://www.mgstage.com/monthly/shiroutotv/video/SIRO-3403/
SIRO-3402,「【初撮り】ネットでAV応募→AV体験撮影620」：MGS動画,3.0,531,12607,https://www.mgstage.com/monthly/shiroutotv/video/SIRO-3402/
SIRO-3399,「【初撮り】ネットでAV応募→AV体験撮影619」：MGS動画,3.5,192,7594,https://www.mgstage.com/monthly/shiroutotv/video/SIRO-3399/
SIRO-3398,「【初撮り】ネットでAV応募→AV体験撮影618」：MGS動画,3.3,470,11798,https://www.mgstage.com/monthly/shiroutotv/video/SIRO-3398/
SIRO-3397,「【初撮り】ネットでAV応募→AV体験撮影617」：MGS動画,2.6,1212,26514,https://www.mgstage.com/monthly/shiroutotv/video/SIRO-3397/
SIRO-3400,「【初撮り】ネットでAV応募→AV体験撮影616」：MGS動画,3.8,1539,33888,https://www.mgstage.com/monthly/shiroutotv/video/SIRO-3400/
SIRO-3395,「【初撮り】ネットでAV応募→AV体験撮影615」：MGS動画,4.0,323,11394,https://www.mgstage.com/monthly/shiroutotv/video/SIRO-3395/
SIRO-3367,「応募素人、初AV撮影22」：MGS動画,4.6,2102,37547,https://www.mgstage.com/monthly/shiroutotv/video/SIRO-3367/
SIRO-3334,「【初撮り】ネットでAV応募→AV体験撮影614」：MGS動画,4.2,963,29278,https://www.mgstage.com/monthly/shiroutotv/video/SIRO-3334/
SIRO-3205,「【初撮り】ネットでAV応募→AV体験撮影613」：MGS動画,2.7,604,18537,https://www.mgstage.com/monthly/shiroutotv/video/SIRO-3205/
SIRO-3328,「【初撮り】ネットでAV応募→AV体験撮影612」：MGS動画,4.0,332,9670,https://www.mgstage.com/monthly/shiroutotv/video/SIRO-3328/
SIRO-3320,「応募素人、初AV撮影21」：MGS動画,3.3,467,16835,https://www.mgstage.com/monthly/shiroutotv/video/SIRO-3320/
SIRO-3394,「【初撮り】ネットでAV応募→AV体験撮影611」：MGS動画,3.7,1878,32258,https://www.mgstage.com/monthly/shiroutotv/video/SIRO-3394/
SIRO-3377,「【初撮り】ネットでAV応募→AV体験撮影610」：MGS動画,4.4,761,22687,https://www.mgstage.com/monthly/shiroutotv/video/SIRO-3377/
SIRO-3390,「【初撮り】ネットでAV応募→AV体験撮影609」：MGS動画,4.5,867,18315,https://www.mgstage.com/monthly/shiroutotv/video/SIRO-3390/
SIRO-3385,「【初撮り】ネットでAV応募→AV体験撮影608」：MGS動画,3.6,275,12169,https://www.mgstage.com/monthly/shiroutotv/video/SIRO-3385/
SIRO-3392,「【初撮り】ネットでAV応募→AV体験撮影607」：MGS動画,3.5,899,20218,https://www.mgstage.com/monthly/shiroutotv/video/SIRO-3392/
SIRO-3381,「【初撮り】ネットでAV応募→AV体験撮影606」：MGS動画,4.7,1184,22200,https://www.mgstage.com/monthly/shiroutotv/video/SIRO-3381/
SIRO-3388,「【初撮り】ネットでAV応募→AV体験撮影605」：MGS動画,4.0,214,8167,https://www.mgstage.com/monthly/shiroutotv/video/SIRO-3388/
SIRO-3387,「【初撮り】ネットでAV応募→AV体験撮影604」：MGS動画,3.5,131,6226,https://www.mgstage.com/monthly/shiroutotv/video/SIRO-3387/
SIRO-3386,「【初撮り】ネットでAV応募→AV体験撮影603」：MGS動画,3.8,275,13594,https://www.mgstage.com/monthly/shiroutotv/video/SIRO-3386/
SIRO-3380,「【初撮り】ネットでAV応募→AV体験撮影602」：MGS動画,4.0,128,6294,https://www.mgstage.com/monthly/shiroutotv/video/SIRO-3380/
SIRO-3378,「【初撮り】ネットでAV応募→AV体験撮影601」：MGS動画,4.0,211,8121,https://www.mgstage.com/monthly/shiroutotv/video/SIRO-3378/
SIRO-3382,「【初撮り】ネットでAV応募→AV体験撮影600」：MGS動画,3.8,2678,54520,https://www.mgstage.com/monthly/shiroutotv/video/SIRO-3382/
SIRO-3376,「【初撮り】ネットでAV応募→AV体験撮影599」：MGS動画,4.0,2422,47317,https://www.mgstage.com/monthly/shiroutotv/video/SIRO-3376/
SIRO-3375,「【初撮り】ネットでAV応募→AV体験撮影598」：MGS動画,3.7,227,13202,https://www.mgstage.com/monthly/shiroutotv/video/SIRO-3375/
SIRO-3368,「応募素人、初AV撮影20」：MGS動画,4.1,1558,28183,https://www.mgstage.com/monthly/shiroutotv/video/SIRO-3368/
SIRO-3389,「【初撮り】ネットでAV応募→AV体験撮影597」：MGS動画,4.1,14784,405920,https://www.mgstage.com/monthly/shiroutotv/video/SIRO-3389/
SIRO-3365,「応募素人、初AV撮影19」：MGS動画,4.7,3939,65981,https://www.mgstage.com/monthly/shiroutotv/video/SIRO-3365/
SIRO-3364,「応募素人、初AV撮影18」：MGS動画,4.1,915,18841,https://www.mgstage.com/monthly/shiroutotv/video/SIRO-3364/
SIRO-3342,「応募素人、初AV撮影17」：MGS動画,3.3,185,8964,https://www.mgstage.com/monthly/shiroutotv/video/SIRO-3342/
SIRO-3370,「【初撮り】ネットでAV応募→AV体験撮影596」：MGS動画,4.0,377,14459,https://www.mgstage.com/monthly/shiroutotv/video/SIRO-3370/
SIRO-3369,「【初撮り】ネットでAV応募→AV体験撮影595」：MGS動画,2.8,563,15132,https://www.mgstage.com/monthly/shiroutotv/video/SIRO-3369/
SIRO-3371,「【初撮り】ネットでAV応募→AV体験撮影594」：MGS動画,4.3,2867,51308,https://www.mgstage.com/monthly/shiroutotv/video/SIRO-3371/
SIRO-3366,「応募素人、初AV撮影16」：MGS動画,3.6,2256,70353,https://www.mgstage.com/monthly/shiroutotv/video/SIRO-3366/
SIRO-3361,「【初撮り】ネットでAV応募→AV体験撮影593」：MGS動画,4.0,345,17334,https://www.mgstage.com/monthly/shiroutotv/video/SIRO-3361/
SIRO-3360,「【初撮り】ネットでAV応募→AV体験撮影592」：MGS動画,4.0,742,18075,https://www.mgstage.com/monthly/shiroutotv/video/SIRO-3360/
SIRO-3359,「【初撮り】ネットでAV応募→AV体験撮影591」：MGS動画,3.5,176,10150,https://www.mgstage.com/monthly/shiroutotv/video/SIRO-3359/
SIRO-3355,「【初撮り】ネットでAV応募→AV体験撮影590」：MGS動画,3.6,272,12737,https://www.mgstage.com/monthly/shiroutotv/video/SIRO-3355/
SIRO-3353,「【初撮り】ネットでAV応募→AV体験撮影589」：MGS動画,3.6,336,9368,https://www.mgstage.com/monthly/shiroutotv/video/SIRO-3353/
SIRO-3363,「【初撮り】ネットでAV応募→AV体験撮影588」：MGS動画,4.2,934,20699,https://www.mgstage.com/monthly/shiroutotv/video/SIRO-3363/
SIRO-3362,「【初撮り】ネットでAV応募→AV体験撮影587」：MGS動画,4.3,3040,50138,https://www.mgstage.com/monthly/shiroutotv/video/SIRO-3362/
SIRO-3358,「【初撮り】ネットでAV応募→AV体験撮影586」：MGS動画,3.5,284,9446,https://www.mgstage.com/monthly/shiroutotv/video/SIRO-3358/
SIRO-3356,「【初撮り】ネットでAV応募→AV体験撮影585」：MGS動画,3.6,2544,44181,https://www.mgstage.com/monthly/shiroutotv/video/SIRO-3356/
SIRO-3351,「【初撮り】ネットでAV応募→AV体験撮影584」：MGS動画,3.6,745,13450,https://www.mgstage.com/monthly/shiroutotv/video/SIRO-3351/
SIRO-3350,「【初撮り】ネットでAV応募→AV体験撮影583」：MGS動画,4.0,3238,87562,https://www.mgstage.com/monthly/shiroutotv/video/SIRO-3350/
SIRO-3349,「【初撮り】ネットでAV応募→AV体験撮影582」：MGS動画,4.3,198,7921,https://www.mgstage.com/monthly/shiroutotv/video/SIRO-3349/
SIRO-3352,「【初撮り】ネットでAV応募→AV体験撮影581」：MGS動画,3.6,230,9959,https://www.mgstage.com/monthly/shiroutotv/video/SIRO-3352/
SIRO-3357,「【初撮り】ネットでAV応募→AV体験撮影580」：MGS動画,4.5,3011,50162,https://www.mgstage.com/monthly/shiroutotv/video/SIRO-3357/
SIRO-3348,「【初撮り】ネットでAV応募→AV体験撮影579」：MGS動画,4.0,300,9709,https://www.mgstage.com/monthly/shiroutotv/video/SIRO-3348/
SIRO-3347,「【初撮り】ネットでAV応募→AV体験撮影578」：MGS動画,4.0,435,13407,https://www.mgstage.com/monthly/shiroutotv/video/SIRO-3347/
SIRO-3345,「【初撮り】ネットでAV応募→AV体験撮影577」：MGS動画,3.7,716,22190,https://www.mgstage.com/monthly/shiroutotv/video/SIRO-3345/
SIRO-3306,「【初撮り】ネットでAV応募→AV体験撮影576」：MGS動画,3.8,2832,56303,https://www.mgstage.com/monthly/shiroutotv/video/SIRO-3306/
SIRO-3340,「応募素人、初AV撮影15」：MGS動画,3.6,214,12424,https://www.mgstage.com/monthly/shiroutotv/video/SIRO-3340/
SIRO-3344,「応募素人、初AV撮影14」：MGS動画,3.5,918,17976,https://www.mgstage.com/monthly/shiroutotv/video/SIRO-3344/
SIRO-3341,「応募素人、初AV撮影13」：MGS動画,4.3,720,21558,https://www.mgstage.com/monthly/shiroutotv/video/SIRO-3341/
SIRO-3338,「【初撮り】ネットでAV応募→AV体験撮影575」：MGS動画,3.6,396,16386,https://www.mgstage.com/monthly/shiroutotv/video/SIRO-3338/
SIRO-3337,「【初撮り】ネットでAV応募→AV体験撮影574」：MGS動画,4.0,873,18958,https://www.mgstage.com/monthly/shiroutotv/video/SIRO-3337/
SIRO-3333,「【初撮り】ネットでAV応募→AV体験撮影573」：MGS動画,3.5,243,9578,https://www.mgstage.com/monthly/shiroutotv/video/SIRO-3333/
SIRO-3331,「【初撮り】ネットでAV応募→AV体験撮影572」：MGS動画,4.0,352,11154,https://www.mgstage.com/monthly/shiroutotv/video/SIRO-3331/
SIRO-3343,「応募素人、初AV撮影12」：MGS動画,4.0,800,18393,https://www.mgstage.com/monthly/shiroutotv/video/SIRO-3343/
SIRO-3339,「【初撮り】ネットでAV応募→AV体験撮影571」：MGS動画,3.5,339,9474,https://www.mgstage.com/monthly/shiroutotv/video/SIRO-3339/
SIRO-3329,「【初撮り】ネットでAV応募→AV体験撮影570」：MGS動画,4.0,480,14887,https://www.mgstage.com/monthly/shiroutotv/video/SIRO-3329/
SIRO-3327,「【初撮り】ネットでAV応募→AV体験撮影569」：MGS動画,4.0,1126,24883,https://www.mgstage.com/monthly/shiroutotv/video/SIRO-3327/
SIRO-3379,「【初撮り】ネットでAV応募→AV体験撮影568」：MGS動画,4.0,368,15371,https://www.mgstage.com/monthly/shiroutotv/video/SIRO-3379/
SIRO-3336,「【初撮り】ネットでAV応募→AV体験撮影567」：MGS動画,3.0,569,12654,https://www.mgstage.com/monthly/shiroutotv/video/SIRO-3336/
SIRO-3335,「【初撮り】ネットでAV応募→AV体験撮影566」：MGS動画,4.0,4857,81960,https://www.mgstage.com/monthly/shiroutotv/video/SIRO-3335/
SIRO-3309,「【初撮り】ネットでAV応募→AV体験撮影565」：MGS動画,3.7,745,19820,https://www.mgstage.com/monthly/shiroutotv/video/SIRO-3309/
SIRO-3325,「【初撮り】ネットでAV応募→AV体験撮影564」：MGS動画,4.3,9750,209868,https://www.mgstage.com/monthly/shiroutotv/video/SIRO-3325/
SIRO-3306,「【初撮り】ネットでAV応募→AV体験撮影576」：MGS動画,3.8,2832,56303,https://www.mgstage.com/monthly/shiroutotv/video/SIRO-3306/
SIRO-3340,「応募素人、初AV撮影15」：MGS動画,3.6,214,12424,https://www.mgstage.com/monthly/shiroutotv/video/SIRO-3340/
SIRO-3344,「応募素人、初AV撮影14」：MGS動画,3.5,918,17976,https://www.mgstage.com/monthly/shiroutotv/video/SIRO-3344/
SIRO-3341,「応募素人、初AV撮影13」：MGS動画,4.3,720,21558,https://www.mgstage.com/monthly/shiroutotv/video/SIRO-3341/
SIRO-3338,「【初撮り】ネットでAV応募→AV体験撮影575」：MGS動画,3.6,396,16386,https://www.mgstage.com/monthly/shiroutotv/video/SIRO-3338/
SIRO-3337,「【初撮り】ネットでAV応募→AV体験撮影574」：MGS動画,4.0,873,18958,https://www.mgstage.com/monthly/shiroutotv/video/SIRO-3337/
SIRO-3333,「【初撮り】ネットでAV応募→AV体験撮影573」：MGS動画,3.5,243,9578,https://www.mgstage.com/monthly/shiroutotv/video/SIRO-3333/
SIRO-3331,「【初撮り】ネットでAV応募→AV体験撮影572」：MGS動画,4.0,352,11154,https://www.mgstage.com/monthly/shiroutotv/video/SIRO-3331/
SIRO-3343,「応募素人、初AV撮影12」：MGS動画,4.0,800,18393,https://www.mgstage.com/monthly/shiroutotv/video/SIRO-3343/
SIRO-3339,「【初撮り】ネットでAV応募→AV体験撮影571」：MGS動画,3.5,339,9474,https://www.mgstage.com/monthly/shiroutotv/video/SIRO-3339/
SIRO-3329,「【初撮り】ネットでAV応募→AV体験撮影570」：MGS動画,4.0,480,14887,https://www.mgstage.com/monthly/shiroutotv/video/SIRO-3329/
SIRO-3327,「【初撮り】ネットでAV応募→AV体験撮影569」：MGS動画,4.0,1126,24883,https://www.mgstage.com/monthly/shiroutotv/video/SIRO-3327/
SIRO-3379,「【初撮り】ネットでAV応募→AV体験撮影568」：MGS動画,4.0,368,15371,https://www.mgstage.com/monthly/shiroutotv/video/SIRO-3379/
SIRO-3336,「【初撮り】ネットでAV応募→AV体験撮影567」：MGS動画,3.0,569,12654,https://www.mgstage.com/monthly/shiroutotv/video/SIRO-3336/
SIRO-3335,「【初撮り】ネットでAV応募→AV体験撮影566」：MGS動画,4.0,4857,81960,https://www.mgstage.com/monthly/shiroutotv/video/SIRO-3335/
SIRO-3309,「【初撮り】ネットでAV応募→AV体験撮影565」：MGS動画,3.7,745,19820,https://www.mgstage.com/monthly/shiroutotv/video/SIRO-3309/
SIRO-3325,「【初撮り】ネットでAV応募→AV体験撮影564」：MGS動画,4.3,9750,209868,https://www.mgstage.com/monthly/shiroutotv/video/SIRO-3325/
SIRO-3283,「【初撮り】ネットでAV応募→AV体験撮影563」：MGS動画,4.6,1372,23288,https://www.mgstage.com/monthly/shiroutotv/video/SIRO-3283/
SIRO-3307,「【初撮り】ネットでAV応募→AV体験撮影562」：MGS動画,4.6,1273,24081,https://www.mgstage.com/monthly/shiroutotv/video/SIRO-3307/
SIRO-3330,「【初撮り】ネットでAV応募→AV体験撮影561」：MGS動画,4.3,13353,263905,https://www.mgstage.com/monthly/shiroutotv/video/SIRO-3330/
SIRO-3326,「【初撮り】ネットでAV応募→AV体験撮影560」：MGS動画,3.0,777,14576,https://www.mgstage.com/monthly/shiroutotv/video/SIRO-3326/
SIRO-3324,「【初撮り】ネットでAV応募→AV体験撮影559」：MGS動画,3.7,214,14793,https://www.mgstage.com/monthly/shiroutotv/video/SIRO-3324/
SIRO-3282,「【初撮り】ネットでAV応募→AV体験撮影558」：MGS動画,4.0,390,10128,https://www.mgstage.com/monthly/shiroutotv/video/SIRO-3282/
SIRO-3302,「【初撮り】ネットでAV応募→AV体験撮影556」：MGS動画,4.3,643,21318,https://www.mgstage.com/monthly/shiroutotv/video/SIRO-3302/
SIRO-3323,「【初撮り】ネットでAV応募→AV体験撮影555」：MGS動画,4.2,518,14032,https://www.mgstage.com/monthly/shiroutotv/video/SIRO-3323/
SIRO-3321,「応募素人、初AV撮影11」：MGS動画,4.4,1500,31279,https://www.mgstage.com/monthly/shiroutotv/video/SIRO-3321/
SIRO-3319,「応募素人、初AV撮影10」：MGS動画,3.7,387,10133,https://www.mgstage.com/monthly/shiroutotv/video/SIRO-3319/
SIRO-3318,「応募素人、初AV撮影09」：MGS動画,3.6,294,10914,https://www.mgstage.com/monthly/shiroutotv/video/SIRO-3318/
SIRO-3317,「【初撮り】ネットでAV応募→AV体験撮影554」：MGS動画,3.8,256,10434,https://www.mgstage.com/monthly/shiroutotv/video/SIRO-3317/
SIRO-3322,「【初撮り】ネットでAV応募→AV体験撮影553」：MGS動画,3.8,3616,61121,https://www.mgstage.com/monthly/shiroutotv/video/SIRO-3322/
SIRO-3315,「【初撮り】ネットでAV応募→AV体験撮影552」：MGS動画,4.4,441,9770,https://www.mgstage.com/monthly/shiroutotv/video/SIRO-3315/
SIRO-3306,「【初撮り】ネットでAV応募→AV体験撮影576」：MGS動画,3.8,2832,56303,https://www.mgstage.com/monthly/shiroutotv/video/SIRO-3306/
SIRO-3340,「応募素人、初AV撮影15」：MGS動画,3.6,214,12424,https://www.mgstage.com/monthly/shiroutotv/video/SIRO-3340/
SIRO-3344,「応募素人、初AV撮影14」：MGS動画,3.5,918,17976,https://www.mgstage.com/monthly/shiroutotv/video/SIRO-3344/
SIRO-3341,「応募素人、初AV撮影13」：MGS動画,4.3,720,21558,https://www.mgstage.com/monthly/shiroutotv/video/SIRO-3341/
SIRO-3338,「【初撮り】ネットでAV応募→AV体験撮影575」：MGS動画,3.6,396,16386,https://www.mgstage.com/monthly/shiroutotv/video/SIRO-3338/
SIRO-3337,「【初撮り】ネットでAV応募→AV体験撮影574」：MGS動画,4.0,873,18958,https://www.mgstage.com/monthly/shiroutotv/video/SIRO-3337/
SIRO-3333,「【初撮り】ネットでAV応募→AV体験撮影573」：MGS動画,3.5,243,9578,https://www.mgstage.com/monthly/shiroutotv/video/SIRO-3333/
SIRO-3331,「【初撮り】ネットでAV応募→AV体験撮影572」：MGS動画,4.0,352,11154,https://www.mgstage.com/monthly/shiroutotv/video/SIRO-3331/
SIRO-3343,「応募素人、初AV撮影12」：MGS動画,4.0,800,18393,https://www.mgstage.com/monthly/shiroutotv/video/SIRO-3343/
SIRO-3339,「【初撮り】ネットでAV応募→AV体験撮影571」：MGS動画,3.5,339,9474,https://www.mgstage.com/monthly/shiroutotv/video/SIRO-3339/
SIRO-3329,「【初撮り】ネットでAV応募→AV体験撮影570」：MGS動画,4.0,480,14887,https://www.mgstage.com/monthly/shiroutotv/video/SIRO-3329/
SIRO-3327,「【初撮り】ネットでAV応募→AV体験撮影569」：MGS動画,4.0,1126,24883,https://www.mgstage.com/monthly/shiroutotv/video/SIRO-3327/
SIRO-3379,「【初撮り】ネットでAV応募→AV体験撮影568」：MGS動画,4.0,368,15371,https://www.mgstage.com/monthly/shiroutotv/video/SIRO-3379/
SIRO-3336,「【初撮り】ネットでAV応募→AV体験撮影567」：MGS動画,3.0,569,12654,https://www.mgstage.com/monthly/shiroutotv/video/SIRO-3336/
SIRO-3335,「【初撮り】ネットでAV応募→AV体験撮影566」：MGS動画,4.0,4857,81960,https://www.mgstage.com/monthly/shiroutotv/video/SIRO-3335/
SIRO-3309,「【初撮り】ネットでAV応募→AV体験撮影565」：MGS動画,3.7,745,19820,https://www.mgstage.com/monthly/shiroutotv/video/SIRO-3309/
SIRO-3325,「【初撮り】ネットでAV応募→AV体験撮影564」：MGS動画,4.3,9750,209868,https://www.mgstage.com/monthly/shiroutotv/video/SIRO-3325/
SIRO-3283,「【初撮り】ネットでAV応募→AV体験撮影563」：MGS動画,4.6,1372,23288,https://www.mgstage.com/monthly/shiroutotv/video/SIRO-3283/
SIRO-3307,「【初撮り】ネットでAV応募→AV体験撮影562」：MGS動画,4.6,1273,24081,https://www.mgstage.com/monthly/shiroutotv/video/SIRO-3307/
SIRO-3330,「【初撮り】ネットでAV応募→AV体験撮影561」：MGS動画,4.3,13353,263905,https://www.mgstage.com/monthly/shiroutotv/video/SIRO-3330/
SIRO-3326,「【初撮り】ネットでAV応募→AV体験撮影560」：MGS動画,3.0,777,14576,https://www.mgstage.com/monthly/shiroutotv/video/SIRO-3326/
SIRO-3324,「【初撮り】ネットでAV応募→AV体験撮影559」：MGS動画,3.7,214,14793,https://www.mgstage.com/monthly/shiroutotv/video/SIRO-3324/
SIRO-3282,「【初撮り】ネットでAV応募→AV体験撮影558」：MGS動画,4.0,390,10128,https://www.mgstage.com/monthly/shiroutotv/video/SIRO-3282/
SIRO-3302,「【初撮り】ネットでAV応募→AV体験撮影556」：MGS動画,4.3,643,21318,https://www.mgstage.com/monthly/shiroutotv/video/SIRO-3302/
SIRO-3323,「【初撮り】ネットでAV応募→AV体験撮影555」：MGS動画,4.2,518,14032,https://www.mgstage.com/monthly/shiroutotv/video/SIRO-3323/
SIRO-3321,「応募素人、初AV撮影11」：MGS動画,4.4,1500,31279,https://www.mgstage.com/monthly/shiroutotv/video/SIRO-3321/
SIRO-3319,「応募素人、初AV撮影10」：MGS動画,3.7,387,10133,https://www.mgstage.com/monthly/shiroutotv/video/SIRO-3319/
SIRO-3318,「応募素人、初AV撮影09」：MGS動画,3.6,294,10914,https://www.mgstage.com/monthly/shiroutotv/video/SIRO-3318/
SIRO-3317,「【初撮り】ネットでAV応募→AV体験撮影554」：MGS動画,3.8,256,10434,https://www.mgstage.com/monthly/shiroutotv/video/SIRO-3317/
SIRO-3322,「【初撮り】ネットでAV応募→AV体験撮影553」：MGS動画,3.8,3616,61121,https://www.mgstage.com/monthly/shiroutotv/video/SIRO-3322/
SIRO-3315,「【初撮り】ネットでAV応募→AV体験撮影552」：MGS動画,4.4,441,9770,https://www.mgstage.com/monthly/shiroutotv/video/SIRO-3315/
SIRO-3314,「【初撮り】ネットでAV応募→AV体験撮影551」：MGS動画,4.0,419,12911,https://www.mgstage.com/monthly/shiroutotv/video/SIRO-3314/
SIRO-3311,「【初撮り】ネットでAV応募→AV体験撮影550」：MGS動画,4.6,886,15169,https://www.mgstage.com/monthly/shiroutotv/video/SIRO-3311/
SIRO-3310,「【初撮り】ネットでAV応募→AV体験撮影549」：MGS動画,4.0,828,17242,https://www.mgstage.com/monthly/shiroutotv/video/SIRO-3310/
SIRO-3276,「【初撮り】ネットでAV応募→AV体験撮影548」：MGS動画,3.7,355,11804,https://www.mgstage.com/monthly/shiroutotv/video/SIRO-3276/
SIRO-3308,「【初撮り】ネットでAV応募→AV体験撮影547」：MGS動画,3.5,553,13713,https://www.mgstage.com/monthly/shiroutotv/video/SIRO-3308/
SIRO-3267,「【初撮り】ネットでAV応募→AV体験撮影546」：MGS動画,3.8,1312,26269,https://www.mgstage.com/monthly/shiroutotv/video/SIRO-3267/
SIRO-3313,「【初撮り】ネットでAV応募→AV体験撮影545」：MGS動画,3.6,918,20670,https://www.mgstage.com/monthly/shiroutotv/video/SIRO-3313/
SIRO-3305,「【初撮り】ネットでAV応募→AV体験撮影544」：MGS動画,4.0,1107,22781,https://www.mgstage.com/monthly/shiroutotv/video/SIRO-3305/
SIRO-3303,「【初撮り】ネットでAV応募→AV体験撮影543」：MGS動画,3.4,524,19588,https://www.mgstage.com/monthly/shiroutotv/video/SIRO-3303/
SIRO-3299,「【初撮り】ネットでAV応募→AV体験撮影542」：MGS動画,3.0,195,10711,https://www.mgstage.com/monthly/shiroutotv/video/SIRO-3299/
SIRO-3300,「【初撮り】ネットでAV応募→AV体験撮影541」：MGS動画,3.5,294,9397,https://www.mgstage.com/monthly/shiroutotv/video/SIRO-3300/
SIRO-3312,「【初撮り】ネットでAV応募→AV体験撮影540」：MGS動画,4.0,384,10379,https://www.mgstage.com/monthly/shiroutotv/video/SIRO-3312/
SIRO-3346,「【初撮り】ネットでAV応募→AV体験撮影539」：MGS動画,4.4,29689,736338,https://www.mgstage.com/monthly/shiroutotv/video/SIRO-3346/
SIRO-3263,「【初撮り】ネットでAV応募→AV体験撮影538」：MGS動画,4.0,7222,138095,https://www.mgstage.com/monthly/shiroutotv/video/SIRO-3263/
SIRO-3291,「【初撮り】ネットでAV応募→AV体験撮影537」：MGS動画,4.2,771,20814,https://www.mgstage.com/monthly/shiroutotv/video/SIRO-3291/
SIRO-3294,「【初撮り】ネットでAV応募→AV体験撮影536」：MGS動画,4.0,1033,18401,https://www.mgstage.com/monthly/shiroutotv/video/SIRO-3294/
SIRO-3304,「【初撮り】ネットでAV応募→AV体験撮影535」：MGS動画,3.0,406,11333,https://www.mgstage.com/monthly/shiroutotv/video/SIRO-3304/
SIRO-3301,「【初撮り】ネットでAV応募→AV体験撮影534」：MGS動画,4.2,5824,115430,https://www.mgstage.com/monthly/shiroutotv/video/SIRO-3301/
SIRO-3266,「【初撮り】ネットでAV応募→AV体験撮影533」：MGS動画,3.6,9612,242861,https://www.mgstage.com/monthly/shiroutotv/video/SIRO-3266/
SIRO-3225,「【初撮り】ネットでAV応募→AV体験撮影532」：MGS動画,4.1,2716,38465,https://www.mgstage.com/monthly/shiroutotv/video/SIRO-3225/
SIRO-3218,「【初撮り】ネットでAV応募→AV体験撮影531」：MGS動画,4.2,1382,25243,https://www.mgstage.com/monthly/shiroutotv/video/SIRO-3218/
SIRO-3290,「応募素人、初AV撮影08」：MGS動画,4.3,1440,23699,https://www.mgstage.com/monthly/shiroutotv/video/SIRO-3290/
SIRO-3298,「【初撮り】ネットでAV応募→AV体験撮影530」：MGS動画,4.3,2457,29467,https://www.mgstage.com/monthly/shiroutotv/video/SIRO-3298/
SIRO-3297,「【初撮り】ネットでAV応募→AV体験撮影529」：MGS動画,3.5,441,15725,https://www.mgstage.com/monthly/shiroutotv/video/SIRO-3297/
SIRO-3234,「【初撮り】ネットでAV応募→AV体験撮影528」：MGS動画,3.5,918,19543,https://www.mgstage.com/monthly/shiroutotv/video/SIRO-3234/
SIRO-3286,「応募素人、初AV撮影07」：MGS動画,4.0,470,13597,https://www.mgstage.com/monthly/shiroutotv/video/SIRO-3286/
SIRO-3281,「【初撮り】ネットでAV応募→AV体験撮影527」：MGS動画,3.8,460,13226,https://www.mgstage.com/monthly/shiroutotv/video/SIRO-3281/
SIRO-3280,「【初撮り】ネットでAV応募→AV体験撮影526」：MGS動画,3.6,435,11073,https://www.mgstage.com/monthly/shiroutotv/video/SIRO-3280/
SIRO-3279,「【初撮り】ネットでAV応募→AV体験撮影525」：MGS動画,4.0,1001,23030,https://www.mgstage.com/monthly/shiroutotv/video/SIRO-3279/
SIRO-3296,「【初撮り】ネットでAV応募→AV体験撮影524」：MGS動画,3.6,598,11933,https://www.mgstage.com/monthly/shiroutotv/video/SIRO-3296/
SIRO-3292,「【初撮り】ネットでAV応募→AV体験撮影523」：MGS動画,3.5,374,10438,https://www.mgstage.com/monthly/shiroutotv/video/SIRO-3292/
SIRO-3287,「応募素人、初AV撮影06」：MGS動画,2.7,374,12089,https://www.mgstage.com/monthly/shiroutotv/video/SIRO-3287/
SIRO-3285,「【初撮り】ネットでAV応募→AV体験撮影522」：MGS動画,3.6,224,9730,https://www.mgstage.com/monthly/shiroutotv/video/SIRO-3285/
SIRO-3278,「【初撮り】ネットでAV応募→AV体験撮影521」：MGS動画,3.8,7187,166949,https://www.mgstage.com/monthly/shiroutotv/video/SIRO-3278/
SIRO-3295,「【初撮り】ネットでAV応募→AV体験撮影520」：MGS動画,4.5,6838,149104,https://www.mgstage.com/monthly/shiroutotv/video/SIRO-3295/
SIRO-3284,「【初撮り】ネットでAV応募→AV体験撮影519」：MGS動画,3.4,355,15350,https://www.mgstage.com/monthly/shiroutotv/video/SIRO-3284/
SIRO-3275,「【初撮り】ネットでAV応募→AV体験撮影518」：MGS動画,3.0,873,18937,https://www.mgstage.com/monthly/shiroutotv/video/SIRO-3275/
SIRO-3274,「【初撮り】ネットでAV応募→AV体験撮影517」：MGS動画,2.6,425,13978,https://www.mgstage.com/monthly/shiroutotv/video/SIRO-3274/
SIRO-3273,「【初撮り】ネットでAV応募→AV体験撮影516」：MGS動画,3.0,252,10102,https://www.mgstage.com/monthly/shiroutotv/video/SIRO-3273/
SIRO-3272,「【初撮り】ネットでAV応募→AV体験撮影515」：MGS動画,3.5,3286,50009,https://www.mgstage.com/monthly/shiroutotv/video/SIRO-3272/
SIRO-3277,「【初撮り】ネットでAV応募→AV体験撮影514」：MGS動画,4.3,2025,30787,https://www.mgstage.com/monthly/shiroutotv/video/SIRO-3277/
SIRO-3316,「【初撮り】ネットでAV応募→AV体験撮影513」：MGS動画,4.3,9257,197847,https://www.mgstage.com/monthly/shiroutotv/video/SIRO-3316/
SIRO-3270,「【初撮り】ネットでAV応募→AV体験撮影512」：MGS動画,4.3,838,25446,https://www.mgstage.com/monthly/shiroutotv/video/SIRO-3270/
SIRO-3264,「【初撮り】ネットでAV応募→AV体験撮影511」：MGS動画,3.7,208,12233,https://www.mgstage.com/monthly/shiroutotv/video/SIRO-3264/
SIRO-3256,「【初撮り】ネットでAV応募→AV体験撮影510」：MGS動画,3.0,211,8363,https://www.mgstage.com/monthly/shiroutotv/video/SIRO-3256/
SIRO-3201,「【初撮り】ネットでAV応募→AV体験撮影509」：MGS動画,3.8,2928,46212,https://www.mgstage.com/monthly/shiroutotv/video/SIRO-3201/
SIRO-3187,「応募素人、初AV撮影05」：MGS動画,4.0,422,11033,https://www.mgstage.com/monthly/shiroutotv/video/SIRO-3187/
SIRO-3293,「【初撮り】ネットでAV応募→AV体験撮影508」：MGS動画,4.5,7497,130239,https://www.mgstage.com/monthly/shiroutotv/video/SIRO-3293/
SIRO-3289,「【初撮り】ネットでAV応募→AV体験撮影507」：MGS動画,4.0,873,25924,https://www.mgstage.com/monthly/shiroutotv/video/SIRO-3289/
SIRO-3288,「【初撮り】ネットでAV応募→AV体験撮影506」：MGS動画,4.8,1372,21597,https://www.mgstage.com/monthly/shiroutotv/video/SIRO-3288/
SIRO-3265,「【初撮り】ネットでAV応募→AV体験撮影505」：MGS動画,4.0,240,7186,https://www.mgstage.com/monthly/shiroutotv/video/SIRO-3265/
SIRO-3260,「【初撮り】ネットでAV応募→AV体験撮影504」：MGS動画,3.3,307,12286,https://www.mgstage.com/monthly/shiroutotv/video/SIRO-3260/
SIRO-3259,「応募素人、初AV撮影04」：MGS動画,3.7,185,10717,https://www.mgstage.com/monthly/shiroutotv/video/SIRO-3259/
SIRO-3258,「応募素人、初AV撮影03」：MGS動画,3.0,179,6715,https://www.mgstage.com/monthly/shiroutotv/video/SIRO-3258/
SIRO-3269,「【初撮り】ネットでAV応募→AV体験撮影503」：MGS動画,4.0,886,19581,https://www.mgstage.com/monthly/shiroutotv/video/SIRO-3269/
SIRO-3268,「【初撮り】ネットでAV応募→AV体験撮影502」：MGS動画,4.2,1296,29988,https://www.mgstage.com/monthly/shiroutotv/video/SIRO-3268/
SIRO-3257,「【初撮り】ネットでAV応募→AV体験撮影501」：MGS動画,3.6,950,20201,https://www.mgstage.com/monthly/shiroutotv/video/SIRO-3257/
SIRO-3271,「【初撮り】ネットでAV応募→AV体験撮影500」：MGS動画,3.7,691,11688,https://www.mgstage.com/monthly/shiroutotv/video/SIRO-3271/
SIRO-3254,「応募素人、初AV撮影02」：MGS動画,3.3,201,9357,https://www.mgstage.com/monthly/shiroutotv/video/SIRO-3254/
SIRO-3252,「【初撮り】ネットでAV応募→AV体験撮影499」：MGS動画,3.8,864,19213,https://www.mgstage.com/monthly/shiroutotv/video/SIRO-3252/
SIRO-3211,「【初撮り】ネットでAV応募→AV体験撮影498」：MGS動画,3.7,787,20117,https://www.mgstage.com/monthly/shiroutotv/video/SIRO-3211/
SIRO-3262,「【初撮り】ネットでAV応募→AV体験撮影497」：MGS動画,3.2,595,13692,https://www.mgstage.com/monthly/shiroutotv/video/SIRO-3262/
SIRO-3255,「応募素人、初AV撮影01」：MGS動画,3.7,512,20029,https://www.mgstage.com/monthly/shiroutotv/video/SIRO-3255/
SIRO-3253,「【初撮り】ネットでAV応募→AV体験撮影496」：MGS動画,4.5,656,14756,https://www.mgstage.com/monthly/shiroutotv/video/SIRO-3253/
SIRO-3251,「【初撮り】ネットでAV応募→AV体験撮影495」：MGS動画,3.0,332,8458,https://www.mgstage.com/monthly/shiroutotv/video/SIRO-3251/
SIRO-3147,「【初撮り】ネットでAV応募→AV体験撮影494」：MGS動画,3.3,2921,58563,https://www.mgstage.com/monthly/shiroutotv/video/SIRO-3147/
SIRO-3249,「【初撮り】ネットでAV応募→AV体験撮影493」：MGS動画,4.0,614,23314,https://www.mgstage.com/monthly/shiroutotv/video/SIRO-3249/
SIRO-3247,「【初撮り】ネットでAV応募→AV体験撮影492」：MGS動画,3.7,969,18768,https://www.mgstage.com/monthly/shiroutotv/video/SIRO-3247/
SIRO-3250,「【初撮り】ネットでAV応募→AV体験撮影491」：MGS動画,4.2,9974,200592,https://www.mgstage.com/monthly/shiroutotv/video/SIRO-3250/
SIRO-3204,「【初撮り】ネットでAV応募→AV体験撮影490」：MGS動画,4.6,19142,492476,https://www.mgstage.com/monthly/shiroutotv/video/SIRO-3204/
SIRO-3245,「【初撮り】ネットでAV応募→AV体験撮影489」：MGS動画,4.0,387,10213,https://www.mgstage.com/monthly/shiroutotv/video/SIRO-3245/
SIRO-3244,「【初撮り】ネットでAV応募→AV体験撮影488」：MGS動画,3.2,204,9641,https://www.mgstage.com/monthly/shiroutotv/video/SIRO-3244/
SIRO-3242,「【初撮り】ネットでAV応募→AV体験撮影487」：MGS動画,2.5,137,9939,https://www.mgstage.com/monthly/shiroutotv/video/SIRO-3242/
SIRO-3240,「【初撮り】ネットでAV応募→AV体験撮影486」：MGS動画,3.3,1043,23677,https://www.mgstage.com/monthly/shiroutotv/video/SIRO-3240/
SIRO-3239,「【初撮り】ネットでAV応募→AV体験撮影485」：MGS動画,3.5,496,9189,https://www.mgstage.com/monthly/shiroutotv/video/SIRO-3239/
SIRO-3246,「【初撮り】ネットでAV応募→AV体験撮影484」：MGS動画,4.0,860,18864,https://www.mgstage.com/monthly/shiroutotv/video/SIRO-3246/
SIRO-3243,「【初撮り】ネットでAV応募→AV体験撮影483」：MGS動画,3.3,204,7584,https://www.mgstage.com/monthly/shiroutotv/video/SIRO-3243/
SIRO-3181,「【初撮り】ネットでAV応募→AV体験撮影482」：MGS動画,4.3,7644,163666,https://www.mgstage.com/monthly/shiroutotv/video/SIRO-3181/
SIRO-3237,「【初撮り】ネットでAV応募→AV体験撮影481」：MGS動画,3.2,243,9185,https://www.mgstage.com/monthly/shiroutotv/video/SIRO-3237/
SIRO-3238,「【初撮り】ネットでAV応募→AV体験撮影480」：MGS動画,3.5,355,14411,https://www.mgstage.com/monthly/shiroutotv/video/SIRO-3238/
SIRO-3235,「【初撮り】ネットでAV応募→AV体験撮影479」：MGS動画,3.6,1164,27530,https://www.mgstage.com/monthly/shiroutotv/video/SIRO-3235/
SIRO-3183,「【初撮り】ネットでAV応募→AV体験撮影478」：MGS動画,4.0,320,10439,https://www.mgstage.com/monthly/shiroutotv/video/SIRO-3183/
SIRO-3233,「【初撮り】ネットでAV応募→AV体験撮影477」：MGS動画,4.1,3289,63316,https://www.mgstage.com/monthly/shiroutotv/video/SIRO-3233/
SIRO-3261,「【初撮り】ネットでAV応募→AV体験撮影476」：MGS動画,4.4,528,12566,https://www.mgstage.com/monthly/shiroutotv/video/SIRO-3261/
SIRO-3141,「【初撮り】ネットでAV応募→AV体験撮影475」：MGS動画,4.0,464,10553,https://www.mgstage.com/monthly/shiroutotv/video/SIRO-3141/
SIRO-3231,「【初撮り】ネットでAV応募→AV体験撮影474」：MGS動画,4.0,409,7467,https://www.mgstage.com/monthly/shiroutotv/video/SIRO-3231/
SIRO-3229,「【初撮り】ネットでAV応募→AV体験撮影473」：MGS動画,4.0,1004,26184,https://www.mgstage.com/monthly/shiroutotv/video/SIRO-3229/
SIRO-3236,「【初撮り】ネットでAV応募→AV体験撮影472」：MGS動画,3.5,169,7045,https://www.mgstage.com/monthly/shiroutotv/video/SIRO-3236/
SIRO-3232,「【初撮り】ネットでAV応募→AV体験撮影471」：MGS動画,4.2,1747,29980,https://www.mgstage.com/monthly/shiroutotv/video/SIRO-3232/
SIRO-3241,「【初撮り】ネットでAV応募→AV体験撮影470」：MGS動画,3.7,1168,23713,https://www.mgstage.com/monthly/shiroutotv/video/SIRO-3241/
SIRO-3227,「【初撮り】ネットでAV応募→AV体験撮影469」：MGS動画,4.0,668,12132,https://www.mgstage.com/monthly/shiroutotv/video/SIRO-3227/
SIRO-3228,「【初撮り】ネットでAV応募→AV体験撮影468」：MGS動画,4.5,4684,59325,https://www.mgstage.com/monthly/shiroutotv/video/SIRO-3228/
SIRO-3230,「【初撮り】ネットでAV応募→AV体験撮影467」：MGS動画,3.5,742,14235,https://www.mgstage.com/monthly/shiroutotv/video/SIRO-3230/
SIRO-3220,「【初撮り】ネットでAV応募→AV体験撮影466」：MGS動画,3.1,4672,82886,https://www.mgstage.com/monthly/shiroutotv/video/SIRO-3220/
SIRO-3219,「【初撮り】ネットでAV応募→AV体験撮影465」：MGS動画,4.3,227,9114,https://www.mgstage.com/monthly/shiroutotv/video/SIRO-3219/
SIRO-3156,「【初撮り】ネットでAV応募→AV体験撮影464」：MGS動画,4.0,1331,19824,https://www.mgstage.com/monthly/shiroutotv/video/SIRO-3156/
SIRO-3193,「【初撮り】ネットでAV応募→AV体験撮影463」：MGS動画,4.0,7203,120075,https://www.mgstage.com/monthly/shiroutotv/video/SIRO-3193/
SIRO-3223,「【初撮り】ネットでAV応募→AV体験撮影462」：MGS動画,4.0,2540,51466,https://www.mgstage.com/monthly/shiroutotv/video/SIRO-3223/
SIRO-3224,「【初撮り】ネットでAV応募→AV体験撮影461」：MGS動画,4.0,707,15346,https://www.mgstage.com/monthly/shiroutotv/video/SIRO-3224/
SIRO-3216,「【初撮り】ネットでAV応募→AV体験撮影460」：MGS動画,4.3,902,14369,https://www.mgstage.com/monthly/shiroutotv/video/SIRO-3216/
SIRO-3173,「【初撮り】ネットでAV応募→AV体験撮影459」：MGS動画,3.0,499,16227,https://www.mgstage.com/monthly/shiroutotv/video/SIRO-3173/
SIRO-3217,「【初撮り】ネットでAV応募→AV体験撮影458」：MGS動画,4.2,11177,198438,https://www.mgstage.com/monthly/shiroutotv/video/SIRO-3217/
SIRO-3222,「【初撮り】ネットでAV応募→AV体験撮影457」：MGS動画,3.7,1939,41937,https://www.mgstage.com/monthly/shiroutotv/video/SIRO-3222/
SIRO-3221,「【初撮り】ネットでAV応募→AV体験撮影456」：MGS動画,2.6,646,14109,https://www.mgstage.com/monthly/shiroutotv/video/SIRO-3221/
SIRO-3159,「【初撮り】ネットでAV応募→AV体験撮影455」：MGS動画,3.7,3376,75782,https://www.mgstage.com/monthly/shiroutotv/video/SIRO-3159/
SIRO-3226,「【初撮り】ネットでAV応募→AV体験撮影454」：MGS動画,4.0,2521,35460,https://www.mgstage.com/monthly/shiroutotv/video/SIRO-3226/
SIRO-3158,「【初撮り】ネットでAV応募→AV体験撮影453」：MGS動画,4.2,6332,99056,https://www.mgstage.com/monthly/shiroutotv/video/SIRO-3158/
SIRO-3215,「【初撮り】ネットでAV応募→AV体験撮影452」：MGS動画,3.0,211,7510,https://www.mgstage.com/monthly/shiroutotv/video/SIRO-3215/
SIRO-3214,「【初撮り】ネットでAV応募→AV体験撮影451」：MGS動画,4.4,8451,212234,https://www.mgstage.com/monthly/shiroutotv/video/SIRO-3214/
SIRO-3213,「【初撮り】ネットでAV応募→AV体験撮影450」：MGS動画,4.2,4092,93043,https://www.mgstage.com/monthly/shiroutotv/video/SIRO-3213/
SIRO-3212,「【初撮り】ネットでAV応募→AV体験撮影449」：MGS動画,3.7,1545,26686,https://www.mgstage.com/monthly/shiroutotv/video/SIRO-3212/
SIRO-3198,「【初撮り】ネットでAV応募→AV体験撮影448」：MGS動画,3.8,684,15720,https://www.mgstage.com/monthly/shiroutotv/video/SIRO-3198/
SIRO-3140,「【初撮り】ネットでAV応募→AV体験撮影447」：MGS動画,3.0,236,11139,https://www.mgstage.com/monthly/shiroutotv/video/SIRO-3140/
SIRO-3210,「【初撮り】ネットでAV応募→AV体験撮影446」：MGS動画,4.0,224,7957,https://www.mgstage.com/monthly/shiroutotv/video/SIRO-3210/
SIRO-3209,「【初撮り】ネットでAV応募→AV体験撮影445」：MGS動画,4.0,950,19594,https://www.mgstage.com/monthly/shiroutotv/video/SIRO-3209/
SIRO-3208,「【初撮り】ネットでAV応募→AV体験撮影444」：MGS動画,4.3,384,9417,https://www.mgstage.com/monthly/shiroutotv/video/SIRO-3208/
SIRO-3113,「【初撮り】ネットでAV応募→AV体験撮影443」：MGS動画,4.2,1385,26318,https://www.mgstage.com/monthly/shiroutotv/video/SIRO-3113/
SIRO-3203,「【初撮り】ネットでAV応募→AV体験撮影442」：MGS動画,4.3,2358,42532,https://www.mgstage.com/monthly/shiroutotv/video/SIRO-3203/
SIRO-3202,「【初撮り】ネットでAV応募→AV体験撮影441」：MGS動画,3.8,3571,127847,https://www.mgstage.com/monthly/shiroutotv/video/SIRO-3202/
SIRO-3199,「【初撮り】ネットでAV応募→AV体験撮影440」：MGS動画,4.0,739,20385,https://www.mgstage.com/monthly/shiroutotv/video/SIRO-3199/
SIRO-3206,「【初撮り】ネットでAV応募→AV体験撮影439」：MGS動画,3.6,704,20590,https://www.mgstage.com/monthly/shiroutotv/video/SIRO-3206/
SIRO-3196,「【初撮り】ネットでAV応募→AV体験撮影438」：MGS動画,3.0,198,7652,https://www.mgstage.com/monthly/shiroutotv/video/SIRO-3196/
SIRO-3195,「【初撮り】ネットでAV応募→AV体験撮影437」：MGS動画,4.3,1024,29812,https://www.mgstage.com/monthly/shiroutotv/video/SIRO-3195/
SIRO-3197,「【初撮り】ネットでAV応募→AV体験撮影436」：MGS動画,4.0,444,15481,https://www.mgstage.com/monthly/shiroutotv/video/SIRO-3197/
SIRO-3194,「【初撮り】ネットでAV応募→AV体験撮影435」：MGS動画,4.5,1036,20276,https://www.mgstage.com/monthly/shiroutotv/video/SIRO-3194/
SIRO-3248,「【初撮り】ネットでAV応募→AV体験撮影434」：MGS動画,4.3,16950,447051,https://www.mgstage.com/monthly/shiroutotv/video/SIRO-3248/
SIRO-3192,「【初撮り】ネットでAV応募→AV体験撮影433」：MGS動画,4.0,697,19351,https://www.mgstage.com/monthly/shiroutotv/video/SIRO-3192/
SIRO-3191,「【初撮り】ネットでAV応募→AV体験撮影432」：MGS動画,4.3,1264,28627,https://www.mgstage.com/monthly/shiroutotv/video/SIRO-3191/
SIRO-3188,「【初撮り】ネットでAV応募→AV体験撮影431」：MGS動画,3.0,304,10956,https://www.mgstage.com/monthly/shiroutotv/video/SIRO-3188/
SIRO-3186,「【初撮り】ネットでAV応募→AV体験撮影430」：MGS動画,4.3,2294,42463,https://www.mgstage.com/monthly/shiroutotv/video/SIRO-3186/
SIRO-3185,「【初撮り】ネットでAV応募→AV体験撮影429」：MGS動画,4.0,371,14897,https://www.mgstage.com/monthly/shiroutotv/video/SIRO-3185/
SIRO-3200,「【初撮り】ネットでAV応募→AV体験撮影428」：MGS動画,3.6,592,14088,https://www.mgstage.com/monthly/shiroutotv/video/SIRO-3200/
SIRO-3189,「【初撮り】ネットでAV応募→AV体験撮影427」：MGS動画,4.0,553,14813,https://www.mgstage.com/monthly/shiroutotv/video/SIRO-3189/
SIRO-3184,「【初撮り】ネットでAV応募→AV体験撮影426」：MGS動画,4.5,924,19336,https://www.mgstage.com/monthly/shiroutotv/video/SIRO-3184/
SIRO-3182,「【初撮り】ネットでAV応募→AV体験撮影425」：MGS動画,3.5,1171,29420,https://www.mgstage.com/monthly/shiroutotv/video/SIRO-3182/
SIRO-3123,「【初撮り】ネットでAV応募→AV体験撮影424」：MGS動画,3.6,2521,41702,https://www.mgstage.com/monthly/shiroutotv/video/SIRO-3123/
SIRO-3178,「【初撮り】ネットでAV応募→AV体験撮影423」：MGS動画,3.2,297,10912,https://www.mgstage.com/monthly/shiroutotv/video/SIRO-3178/
SIRO-3180,「【初撮り】ネットでAV応募→AV体験撮影422」：MGS動画,4.5,1276,24115,https://www.mgstage.com/monthly/shiroutotv/video/SIRO-3180/
SIRO-3164,「【初撮り】ネットでAV応募→AV体験撮影421」：MGS動画,4.5,15641,464072,https://www.mgstage.com/monthly/shiroutotv/video/SIRO-3164/
SIRO-3190,「【初撮り】ネットでAV応募→AV体験撮影420」：MGS動画,4.0,668,15919,https://www.mgstage.com/monthly/shiroutotv/video/SIRO-3190/
SIRO-3207,「【初撮り】ネットでAV応募→AV体験撮影419」：MGS動画,4.5,7718,158784,https://www.mgstage.com/monthly/shiroutotv/video/SIRO-3207/
SIRO-3179,「【初撮り】ネットでAV応募→AV体験撮影418」：MGS動画,3.6,252,7964,https://www.mgstage.com/monthly/shiroutotv/video/SIRO-3179/
SIRO-3177,「【初撮り】ネットでAV応募→AV体験撮影417」：MGS動画,3.0,601,21439,https://www.mgstage.com/monthly/shiroutotv/video/SIRO-3177/
SIRO-3175,「【初撮り】ネットでAV応募→AV体験撮影416」：MGS動画,4.3,1577,28388,https://www.mgstage.com/monthly/shiroutotv/video/SIRO-3175/
SIRO-3167,「【初撮り】ネットでAV応募→AV体験撮影415」：MGS動画,4.0,601,11575,https://www.mgstage.com/monthly/shiroutotv/video/SIRO-3167/
SIRO-3176,「【初撮り】ネットでAV応募→AV体験撮影414」：MGS動画,4.0,384,12406,https://www.mgstage.com/monthly/shiroutotv/video/SIRO-3176/
SIRO-3114,「【初撮り】ネットでAV応募→AV体験撮影413」：MGS動画,3.6,1427,29873,https://www.mgstage.com/monthly/shiroutotv/video/SIRO-3114/
SIRO-3165,「【初撮り】ネットでAV応募→AV体験撮影412」：MGS動画,3.5,601,14115,https://www.mgstage.com/monthly/shiroutotv/video/SIRO-3165/
SIRO-3157,「【初撮り】ネットでAV応募→AV体験撮影411」：MGS動画,3.3,249,10728,https://www.mgstage.com/monthly/shiroutotv/video/SIRO-3157/
SIRO-3155,「【初撮り】ネットでAV応募→AV体験撮影410」：MGS動画,3.0,620,15102,https://www.mgstage.com/monthly/shiroutotv/video/SIRO-3155/
SIRO-3154,「【初撮り】ネットでAV応募→AV体験撮影409」：MGS動画,4.2,531,16526,https://www.mgstage.com/monthly/shiroutotv/video/SIRO-3154/
SIRO-3152,「【初撮り】ネットでAV応募→AV体験撮影408」：MGS動画,4.0,390,14735,https://www.mgstage.com/monthly/shiroutotv/video/SIRO-3152/
SIRO-3174,「【初撮り】ネットでAV応募→AV体験撮影407」：MGS動画,3.8,1088,27576,https://www.mgstage.com/monthly/shiroutotv/video/SIRO-3174/
SIRO-3172,「【初撮り】ネットでAV応募→AV体験撮影406」：MGS動画,3.6,304,12813,https://www.mgstage.com/monthly/shiroutotv/video/SIRO-3172/
SIRO-3151,「【初撮り】ネットでAV応募→AV体験撮影405」：MGS動画,4.0,617,18340,https://www.mgstage.com/monthly/shiroutotv/video/SIRO-3151/
SIRO-3150,「【初撮り】ネットでAV応募→AV体験撮影404」：MGS動画,4.3,1472,38567,https://www.mgstage.com/monthly/shiroutotv/video/SIRO-3150/
SIRO-3149,「【初撮り】ネットでAV応募→AV体験撮影403」：MGS動画,3.3,156,9736,https://www.mgstage.com/monthly/shiroutotv/video/SIRO-3149/
SIRO-3124,「【初撮り】ネットでAV応募→AV体験撮影402」：MGS動画,4.2,1894,30389,https://www.mgstage.com/monthly/shiroutotv/video/SIRO-3124/
SIRO-3144,「【初撮り】ネットでAV応募→AV体験撮影401」：MGS動画,4.3,14246,328201,https://www.mgstage.com/monthly/shiroutotv/video/SIRO-3144/
SIRO-3171,「【初撮り】ネットでAV応募→AV体験撮影400」：MGS動画,4.2,14521,435740,https://www.mgstage.com/monthly/shiroutotv/video/SIRO-3171/
SIRO-3170,「【初撮り】ネットでAV応募→AV体験撮影399」：MGS動画,3.5,585,17659,https://www.mgstage.com/monthly/shiroutotv/video/SIRO-3170/
SIRO-3166,「【初撮り】ネットでAV応募→AV体験撮影398」：MGS動画,4.7,5449,98567,https://www.mgstage.com/monthly/shiroutotv/video/SIRO-3166/
SIRO-3162,「【初撮り】ネットでAV応募→AV体験撮影397」：MGS動画,3.6,710,18165,https://www.mgstage.com/monthly/shiroutotv/video/SIRO-3162/
SIRO-3143,「【初撮り】ネットでAV応募→AV体験撮影396」：MGS動画,3.3,284,11526,https://www.mgstage.com/monthly/shiroutotv/video/SIRO-3143/
SIRO-3138,「【初撮り】ネットでAV応募→AV体験撮影395」：MGS動画,4.0,963,20719,https://www.mgstage.com/monthly/shiroutotv/video/SIRO-3138/
SIRO-3148,「【初撮り】ネットでAV応募→AV体験撮影394」：MGS動画,3.7,508,13332,https://www.mgstage.com/monthly/shiroutotv/video/SIRO-3148/
SIRO-3169,「【初撮り】ネットでAV応募→AV体験撮影393」：MGS動画,3.6,441,12875,https://www.mgstage.com/monthly/shiroutotv/video/SIRO-3169/
SIRO-3160,「【初撮り】ネットでAV応募→AV体験撮影392」：MGS動画,4.3,11184,353216,https://www.mgstage.com/monthly/shiroutotv/video/SIRO-3160/
SIRO-3145,「【初撮り】ネットでAV応募→AV体験撮影391」：MGS動画,4.0,838,28183,https://www.mgstage.com/monthly/shiroutotv/video/SIRO-3145/
SIRO-3137,「【初撮り】ネットでAV応募→AV体験撮影390」：MGS動画,4.2,601,15030,https://www.mgstage.com/monthly/shiroutotv/video/SIRO-3137/
SIRO-3163,「【初撮り】ネットでAV応募→AV体験撮影389」：MGS動画,4.2,1001,22855,https://www.mgstage.com/monthly/shiroutotv/video/SIRO-3163/
SIRO-3168,「【初撮り】ネットでAV応募→AV体験撮影388」：MGS動画,3.8,2819,44524,https://www.mgstage.com/monthly/shiroutotv/video/SIRO-3168/
SIRO-3136,「【初撮り】ネットでAV応募→AV体験撮影387」：MGS動画,3.5,364,18144,https://www.mgstage.com/monthly/shiroutotv/video/SIRO-3136/
SIRO-3133,「【初撮り】ネットでAV応募→AV体験撮影386」：MGS動画,3.6,457,14773,https://www.mgstage.com/monthly/shiroutotv/video/SIRO-3133/
SIRO-3161,「【初撮り】ネットでAV応募→AV体験撮影385」：MGS動画,4.0,3200,55204,https://www.mgstage.com/monthly/shiroutotv/video/SIRO-3161/
SIRO-3131,「【初撮り】ネットでAV応募→AV体験撮影384」：MGS動画,4.0,409,12456,https://www.mgstage.com/monthly/shiroutotv/video/SIRO-3131/
SIRO-3132,「【初撮り】ネットでAV応募→AV体験撮影383」：MGS動画,4.0,393,15269,https://www.mgstage.com/monthly/shiroutotv/video/SIRO-3132/
SIRO-3130,「【初撮り】ネットでAV応募→AV体験撮影382」：MGS動画,2.5,272,11945,https://www.mgstage.com/monthly/shiroutotv/video/SIRO-3130/
SIRO-3129,「【初撮り】ネットでAV応募→AV体験撮影381」：MGS動画,3.6,643,14261,https://www.mgstage.com/monthly/shiroutotv/video/SIRO-3129/
SIRO-3127,「【初撮り】ネットでAV応募→AV体験撮影380」：MGS動画,4.1,2486,44362,https://www.mgstage.com/monthly/shiroutotv/video/SIRO-3127/
SIRO-3128,「【初撮り】ネットでAV応募→AV体験撮影379」：MGS動画,4.0,1203,38170,https://www.mgstage.com/monthly/shiroutotv/video/SIRO-3128/
SIRO-3153,「【初撮り】ネットでAV応募→AV体験撮影378」：MGS動画,4.1,1209,28242,https://www.mgstage.com/monthly/shiroutotv/video/SIRO-3153/
SIRO-3126,「【初撮り】ネットでAV応募→AV体験撮影377」：MGS動画,4.0,1542,32873,https://www.mgstage.com/monthly/shiroutotv/video/SIRO-3126/
SIRO-3125,「【初撮り】ネットでAV応募→AV体験撮影376」：MGS動画,4.0,361,11021,https://www.mgstage.com/monthly/shiroutotv/video/SIRO-3125/
SIRO-3116,「【初撮り】ネットでAV応募→AV体験撮影375」：MGS動画,2.5,316,6502,https://www.mgstage.com/monthly/shiroutotv/video/SIRO-3116/
SIRO-3112,「【初撮り】ネットでAV応募→AV体験撮影374」：MGS動画,4.0,508,14171,https://www.mgstage.com/monthly/shiroutotv/video/SIRO-3112/
SIRO-3038,「【初撮り】ネットでAV応募→AV体験撮影373」：MGS動画,4.2,1596,23744,https://www.mgstage.com/monthly/shiroutotv/video/SIRO-3038/
SIRO-3134,「【初撮り】ネットでAV応募→AV体験撮影372」：MGS動画,3.3,1216,23759,https://www.mgstage.com/monthly/shiroutotv/video/SIRO-3134/
SIRO-3146,「【初撮り】ネットでAV応募→AV体験撮影371」：MGS動画,4.0,297,13994,https://www.mgstage.com/monthly/shiroutotv/video/SIRO-3146/
SIRO-3118,「【初撮り】ネットでAV応募→AV体験撮影370」：MGS動画,4.3,787,21566,https://www.mgstage.com/monthly/shiroutotv/video/SIRO-3118/
SIRO-3122,「【初撮り】ネットでAV応募→AV体験撮影369」：MGS動画,4.0,592,14443,https://www.mgstage.com/monthly/shiroutotv/video/SIRO-3122/
SIRO-3121,「【初撮り】ネットでAV応募→AV体験撮影368」：MGS動画,3.5,137,7354,https://www.mgstage.com/monthly/shiroutotv/video/SIRO-3121/
SIRO-3120,「【初撮り】ネットでAV応募→AV体験撮影367」：MGS動画,4.0,150,8017,https://www.mgstage.com/monthly/shiroutotv/video/SIRO-3120/
SIRO-3029,「【初撮り】ネットでAV応募→AV体験撮影366」：MGS動画,4.0,560,12276,https://www.mgstage.com/monthly/shiroutotv/video/SIRO-3029/
SIRO-3139,「【初撮り】ネットでAV応募→AV体験撮影365」：MGS動画,4.1,3244,80994,https://www.mgstage.com/monthly/shiroutotv/video/SIRO-3139/
SIRO-3119,「【初撮り】ネットでAV応募→AV体験撮影364」：MGS動画,4.2,1488,37517,https://www.mgstage.com/monthly/shiroutotv/video/SIRO-3119/
SIRO-3117,「【初撮り】ネットでAV応募→AV体験撮影363」：MGS動画,4.0,1667,23251,https://www.mgstage.com/monthly/shiroutotv/video/SIRO-3117/
SIRO-3115,「【初撮り】ネットでAV応募→AV体験撮影362」：MGS動画,4.2,1827,28288,https://www.mgstage.com/monthly/shiroutotv/video/SIRO-3115/
SIRO-3111,「【初撮り】ネットでAV応募→AV体験撮影361」：MGS動画,3.6,249,8339,https://www.mgstage.com/monthly/shiroutotv/video/SIRO-3111/
SIRO-3109,「【初撮り】ネットでAV応募→AV体験撮影360」：MGS動画,3.6,195,5161,https://www.mgstage.com/monthly/shiroutotv/video/SIRO-3109/
SIRO-3060,「【初撮り】ネットでAV応募→AV体験撮影359」：MGS動画,3.6,227,9757,https://www.mgstage.com/monthly/shiroutotv/video/SIRO-3060/
SIRO-3135,「【初撮り】ネットでAV応募→AV体験撮影358」：MGS動画,3.8,7033,233158,https://www.mgstage.com/monthly/shiroutotv/video/SIRO-3135/
SIRO-3142,「【初撮り】ネットでAV応募→AV体験撮影357」：MGS動画,4.4,2873,57595,https://www.mgstage.com/monthly/shiroutotv/video/SIRO-3142/
SIRO-3041,「【初撮り】ネットでAV応募→AV体験撮影356」：MGS動画,4.2,2323,45164,https://www.mgstage.com/monthly/shiroutotv/video/SIRO-3041/
SIRO-3089,「【初撮り】ネットでAV応募→AV体験撮影355」：MGS動画,3.6,716,19624,https://www.mgstage.com/monthly/shiroutotv/video/SIRO-3089/
SIRO-3107,「【初撮り】ネットでAV応募→AV体験撮影354」：MGS動画,4.0,355,11379,https://www.mgstage.com/monthly/shiroutotv/video/SIRO-3107/
SIRO-3085,「【初撮り】ネットでAV応募→AV体験撮影353」：MGS動画,3.5,233,8402,https://www.mgstage.com/monthly/shiroutotv/video/SIRO-3085/
SIRO-3073,「【初撮り】ネットでAV応募→AV体験撮影352」：MGS動画,3.5,124,6390,https://www.mgstage.com/monthly/shiroutotv/video/SIRO-3073/
SIRO-3094,「【初撮り】ネットでAV応募→AV体験撮影351」：MGS動画,4.1,300,7963,https://www.mgstage.com/monthly/shiroutotv/video/SIRO-3094/
SIRO-3093,「【初撮り】ネットでAV応募→AV体験撮影350」：MGS動画,4.4,2572,50281,https://www.mgstage.com/monthly/shiroutotv/video/SIRO-3093/
SIRO-3100,「【初撮り】ネットでAV応募→AV体験撮影349」：MGS動画,3.5,220,9746,https://www.mgstage.com/monthly/shiroutotv/video/SIRO-3100/
SIRO-3084,「【初撮り】ネットでAV応募→AV体験撮影348」：MGS動画,3.8,819,18796,https://www.mgstage.com/monthly/shiroutotv/video/SIRO-3084/
SIRO-3106,「【初撮り】ネットでAV応募→AV体験撮影347」：MGS動画,3.0,880,21716,https://www.mgstage.com/monthly/shiroutotv/video/SIRO-3106/
SIRO-3105,「【初撮り】ネットでAV応募→AV体験撮影346」：MGS動画,3.4,563,17725,https://www.mgstage.com/monthly/shiroutotv/video/SIRO-3105/
SIRO-3104,「【初撮り】ネットでAV応募→AV体験撮影345」：MGS動画,3.3,320,10370,https://www.mgstage.com/monthly/shiroutotv/video/SIRO-3104/
SIRO-3099,「【初撮り】ネットでAV応募→AV体験撮影344」：MGS動画,4.0,454,12208,https://www.mgstage.com/monthly/shiroutotv/video/SIRO-3099/
SIRO-3110,「【初撮り】ネットでAV応募→AV体験撮影343」：MGS動画,3.6,1404,29390,https://www.mgstage.com/monthly/shiroutotv/video/SIRO-3110/
SIRO-3098,「【初撮り】ネットでAV応募→AV体験撮影342」：MGS動画,4.0,6022,127633,https://www.mgstage.com/monthly/shiroutotv/video/SIRO-3098/
SIRO-3101,「【初撮り】ネットでAV応募→AV体験撮影340」：MGS動画,3.0,137,7888,https://www.mgstage.com/monthly/shiroutotv/video/SIRO-3101/
SIRO-3097,「【初撮り】ネットでAV応募→AV体験撮影339」：MGS動画,3.8,441,14316,https://www.mgstage.com/monthly/shiroutotv/video/SIRO-3097/
SIRO-3096,「【初撮り】ネットでAV応募→AV体験撮影338」：MGS動画,3.5,550,18839,https://www.mgstage.com/monthly/shiroutotv/video/SIRO-3096/
SIRO-3108,「【初撮り】ネットでAV応募→AV体験撮影337」：MGS動画,4.7,761,15235,https://www.mgstage.com/monthly/shiroutotv/video/SIRO-3108/
SIRO-3103,「【初撮り】ネットでAV応募→AV体験撮影336」：MGS動画,4.0,537,14611,https://www.mgstage.com/monthly/shiroutotv/video/SIRO-3103/
SIRO-3092,「【初撮り】ネットでAV応募→AV体験撮影335」：MGS動画,3.7,2332,44841,https://www.mgstage.com/monthly/shiroutotv/video/SIRO-3092/
SIRO-3091,「【初撮り】ネットでAV応募→AV体験撮影334」：MGS動画,2.6,438,11565,https://www.mgstage.com/monthly/shiroutotv/video/SIRO-3091/
SIRO-3090,「【初撮り】ネットでAV応募→AV体験撮影333」：MGS動画,4.0,121,5065,https://www.mgstage.com/monthly/shiroutotv/video/SIRO-3090/
SIRO-3088,「【初撮り】ネットでAV応募→AV体験撮影332」：MGS動画,3.3,192,7039,https://www.mgstage.com/monthly/shiroutotv/video/SIRO-3088/
SIRO-3087,「【初撮り】ネットでAV応募→AV体験撮影331」：MGS動画,3.7,172,3956,https://www.mgstage.com/monthly/shiroutotv/video/SIRO-3087/
SIRO-3011,「【初撮り】ネットでAV応募→AV体験撮影330」：MGS動画,3.6,1267,16353,https://www.mgstage.com/monthly/shiroutotv/video/SIRO-3011/
SIRO-3050,「【初撮り】ネットでAV応募→AV体験撮影329」：MGS動画,4.5,9372,260145,https://www.mgstage.com/monthly/shiroutotv/video/SIRO-3050/
SIRO-3051,「【初撮り】ネットでAV応募→AV体験撮影328」：MGS動画,4.0,1008,13186,https://www.mgstage.com/monthly/shiroutotv/video/SIRO-3051/
SIRO-3030,「【初撮り】ネットでAV応募→AV体験撮影327」：MGS動画,4.5,3270,49896,https://www.mgstage.com/monthly/shiroutotv/video/SIRO-3030/
SIRO-3086,「【初撮り】ネットでAV応募→AV体験撮影326」：MGS動画,2.6,329,4621,https://www.mgstage.com/monthly/shiroutotv/video/SIRO-3086/
SIRO-3081,「【初撮り】ネットでAV応募→AV体験撮影325」：MGS動画,3.0,105,3127,https://www.mgstage.com/monthly/shiroutotv/video/SIRO-3081/
SIRO-3083,「【初撮り】ネットでAV応募→AV体験撮影324」：MGS動画,3.4,259,8553,https://www.mgstage.com/monthly/shiroutotv/video/SIRO-3083/
SIRO-3082,「【初撮り】ネットでAV応募→AV体験撮影323」：MGS動画,3.5,928,16321,https://www.mgstage.com/monthly/shiroutotv/video/SIRO-3082/
SIRO-3075,「【初撮り】ネットでAV応募→AV体験撮影322」：MGS動画,4.1,880,17275,https://www.mgstage.com/monthly/shiroutotv/video/SIRO-3075/
SIRO-3079,「【初撮り】ネットでAV応募→AV体験撮影321」：MGS動画,3.5,457,8626,https://www.mgstage.com/monthly/shiroutotv/video/SIRO-3079/
SIRO-3080,「【初撮り】ネットでAV応募→AV体験撮影320」：MGS動画,3.0,121,5443,https://www.mgstage.com/monthly/shiroutotv/video/SIRO-3080/
SIRO-3078,「【初撮り】ネットでAV応募→AV体験撮影319」：MGS動画,3.3,102,8516,https://www.mgstage.com/monthly/shiroutotv/video/SIRO-3078/
SIRO-3076,「【初撮り】ネットでAV応募→AV体験撮影318」：MGS動画,3.7,163,6397,https://www.mgstage.com/monthly/shiroutotv/video/SIRO-3076/
SIRO-3071,「【初撮り】ネットでAV応募→AV体験撮影317」：MGS動画,4.0,761,17183,https://www.mgstage.com/monthly/shiroutotv/video/SIRO-3071/
SIRO-3077,「【初撮り】ネットでAV応募→AV体験撮影316」：MGS動画,4.1,448,10615,https://www.mgstage.com/monthly/shiroutotv/video/SIRO-3077/
SIRO-3095,「【初撮り】ネットでAV応募→AV体験撮影315」：MGS動画,4.6,3289,70683,https://www.mgstage.com/monthly/shiroutotv/video/SIRO-3095/
SIRO-3065,「【初撮り】ネットでAV応募→AV体験撮影314」：MGS動画,3.8,611,14082,https://www.mgstage.com/monthly/shiroutotv/video/SIRO-3065/
SIRO-3068,「【初撮り】ネットでAV応募→AV体験撮影313」：MGS動画,4.0,121,5951,https://www.mgstage.com/monthly/shiroutotv/video/SIRO-3068/
SIRO-3067,「【初撮り】ネットでAV応募→AV体験撮影312」：MGS動画,2.2,691,28733,https://www.mgstage.com/monthly/shiroutotv/video/SIRO-3067/
SIRO-3063,「【初撮り】ネットでAV応募→AV体験撮影311」：MGS動画,3.6,512,12701,https://www.mgstage.com/monthly/shiroutotv/video/SIRO-3063/
SIRO-3069,「【初撮り】ネットでAV応募→AV体験撮影310」：MGS動画,3.2,160,6189,https://www.mgstage.com/monthly/shiroutotv/video/SIRO-3069/
SIRO-3074,「【初撮り】ネットでAV応募→AV体験撮影309」：MGS動画,4.1,313,11530,https://www.mgstage.com/monthly/shiroutotv/video/SIRO-3074/
SIRO-3072,「【初撮り】ネットでAV応募→AV体験撮影308」：MGS動画,3.7,252,11929,https://www.mgstage.com/monthly/shiroutotv/video/SIRO-3072/
SIRO-3066,「【初撮り】ネットでAV応募→AV体験撮影307」：MGS動画,2.5,547,16058,https://www.mgstage.com/monthly/shiroutotv/video/SIRO-3066/
SIRO-3062,「【初撮り】ネットでAV応募→AV体験撮影306」：MGS動画,3.7,182,8282,https://www.mgstage.com/monthly/shiroutotv/video/SIRO-3062/
SIRO-3061,「【初撮り】ネットでAV応募→AV体験撮影305」：MGS動画,3.5,380,14691,https://www.mgstage.com/monthly/shiroutotv/video/SIRO-3061/
SIRO-3059,「【初撮り】ネットでAV応募→AV体験撮影304」：MGS動画,2.6,380,10500,https://www.mgstage.com/monthly/shiroutotv/video/SIRO-3059/
SIRO-3058,「【初撮り】ネットでAV応募→AV体験撮影303」：MGS動画,3.5,1174,26314,https://www.mgstage.com/monthly/shiroutotv/video/SIRO-3058/
SIRO-3064,「【初撮り】ネットでAV応募→AV体験撮影302」：MGS動画,3.6,297,9369,https://www.mgstage.com/monthly/shiroutotv/video/SIRO-3064/
SIRO-3070,「【初撮り】ネットでAV応募→AV体験撮影301」：MGS動画,4.1,790,16403,https://www.mgstage.com/monthly/shiroutotv/video/SIRO-3070/
SIRO-3026,「【初撮り】ネットでAV応募→AV体験撮影300」：MGS動画,4.1,764,19943,https://www.mgstage.com/monthly/shiroutotv/video/SIRO-3026/
SIRO-3048,「【初撮り】ネットでAV応募→AV体験撮影299」：MGS動画,3.7,2345,36358,https://www.mgstage.com/monthly/shiroutotv/video/SIRO-3048/
SIRO-2982,「【初撮り】ネットでAV応募→AV体験撮影298」：MGS動画,4.3,20934,574255,https://www.mgstage.com/monthly/shiroutotv/video/SIRO-2982/
SIRO-3057,「【初撮り】ネットでAV応募→AV体験撮影297」：MGS動画,3.6,227,10655,https://www.mgstage.com/monthly/shiroutotv/video/SIRO-3057/
SIRO-3056,「【初撮り】ネットでAV応募→AV体験撮影296」：MGS動画,3.7,361,13511,https://www.mgstage.com/monthly/shiroutotv/video/SIRO-3056/
SIRO-3039,「【初撮り】ネットでAV応募→AV体験撮影295」：MGS動画,4.0,1228,33768,https://www.mgstage.com/monthly/shiroutotv/video/SIRO-3039/
SIRO-3035,「【初撮り】ネットでAV応募→AV体験撮影294」：MGS動画,3.5,5516,149081,https://www.mgstage.com/monthly/shiroutotv/video/SIRO-3035/
SIRO-3055,「【初撮り】ネットでAV応募→AV体験撮影293」：MGS動画,4.3,480,19511,https://www.mgstage.com/monthly/shiroutotv/video/SIRO-3055/
SIRO-3054,「【初撮り】ネットでAV応募→AV体験撮影292」：MGS動画,3.4,300,15707,https://www.mgstage.com/monthly/shiroutotv/video/SIRO-3054/
SIRO-3053,「【初撮り】ネットでAV応募→AV体験撮影291」：MGS動画,3.0,352,12079,https://www.mgstage.com/monthly/shiroutotv/video/SIRO-3053/
SIRO-3052,「【初撮り】ネットでAV応募→AV体験撮影290」：MGS動画,3.3,307,11359,https://www.mgstage.com/monthly/shiroutotv/video/SIRO-3052/
SIRO-3049,「【初撮り】ネットでAV応募→AV体験撮影289」：MGS動画,4.2,1740,41302,https://www.mgstage.com/monthly/shiroutotv/video/SIRO-3049/
SIRO-3031,「【初撮り】ネットでAV応募→AV体験撮影288」：MGS動画,4.3,4105,93013,https://www.mgstage.com/monthly/shiroutotv/video/SIRO-3031/
SIRO-2941,「【初撮り】ネットでAV応募→AV体験撮影287」：MGS動画,3.5,2697,51817,https://www.mgstage.com/monthly/shiroutotv/video/SIRO-2941/
SIRO-3046,「【初撮り】ネットでAV応募→AV体験撮影286」：MGS動画,3.5,1241,32702,https://www.mgstage.com/monthly/shiroutotv/video/SIRO-3046/
SIRO-3047,「【初撮り】ネットでAV応募→AV体験撮影285」：MGS動画,3.6,403,15249,https://www.mgstage.com/monthly/shiroutotv/video/SIRO-3047/
SIRO-2991,「【初撮り】ネットでAV応募→AV体験撮影284」：MGS動画,2.7,374,20613,https://www.mgstage.com/monthly/shiroutotv/video/SIRO-2991/
SIRO-3043,「【初撮り】ネットでAV応募→AV体験撮影283」：MGS動画,3.5,1267,38703,https://www.mgstage.com/monthly/shiroutotv/video/SIRO-3043/
SIRO-3042,「【初撮り】ネットでAV応募→AV体験撮影282」：MGS動画,4.2,3222,51290,https://www.mgstage.com/monthly/shiroutotv/video/SIRO-3042/
SIRO-3045,「【初撮り】ネットでAV応募→AV体験撮影281」：MGS動画,4.2,1318,39744,https://www.mgstage.com/monthly/shiroutotv/video/SIRO-3045/
SIRO-3044,「【初撮り】ネットでAV応募→AV体験撮影280」：MGS動画,4.5,336,12508,https://www.mgstage.com/monthly/shiroutotv/video/SIRO-3044/
SIRO-2957,「【初撮り】ネットでAV応募→AV体験撮影279」：MGS動画,4.3,10598,429370,https://www.mgstage.com/monthly/shiroutotv/video/SIRO-2957/
SIRO-3037,「【初撮り】ネットでAV応募→AV体験撮影278」：MGS動画,3.8,1587,29999,https://www.mgstage.com/monthly/shiroutotv/video/SIRO-3037/
SIRO-3040,「【初撮り】ネットでAV応募→AV体験撮影277」：MGS動画,3.8,240,7249,https://www.mgstage.com/monthly/shiroutotv/video/SIRO-3040/
SIRO-3036,「【初撮り】ネットでAV応募→AV体験撮影276」：MGS動画,3.4,393,14004,https://www.mgstage.com/monthly/shiroutotv/video/SIRO-3036/
SIRO-3017,「【初撮り】ネットでAV応募→AV体験撮影275」：MGS動画,3.3,1209,30470,https://www.mgstage.com/monthly/shiroutotv/video/SIRO-3017/
SIRO-3034,「【初撮り】ネットでAV応募→AV体験撮影274」：MGS動画,2.6,416,17831,https://www.mgstage.com/monthly/shiroutotv/video/SIRO-3034/
SIRO-2996,「【初撮り】ネットでAV応募→AV体験撮影273」：MGS動画,4.0,953,32052,https://www.mgstage.com/monthly/shiroutotv/video/SIRO-2996/
SIRO-3033,「【初撮り】ネットでAV応募→AV体験撮影272」：MGS動画,3.7,262,16253,https://www.mgstage.com/monthly/shiroutotv/video/SIRO-3033/
SIRO-3032,「【初撮り】ネットでAV応募→AV体験撮影271」：MGS動画,3.3,214,9278,https://www.mgstage.com/monthly/shiroutotv/video/SIRO-3032/
SIRO-3028,「【初撮り】ネットでAV応募→AV体験撮影270」：MGS動画,4.1,4025,104742,https://www.mgstage.com/monthly/shiroutotv/video/SIRO-3028/
SIRO-3018,「【初撮り】ネットでAV応募→AV体験撮影269」：MGS動画,3.6,614,19709,https://www.mgstage.com/monthly/shiroutotv/video/SIRO-3018/
SIRO-3027,「【初撮り】ネットでAV応募→AV体験撮影268」：MGS動画,3.7,592,16737,https://www.mgstage.com/monthly/shiroutotv/video/SIRO-3027/
SIRO-3006,「【初撮り】ネットでAV応募→AV体験撮影267」：MGS動画,3.7,2032,47691,https://www.mgstage.com/monthly/shiroutotv/video/SIRO-3006/
SIRO-3000,「【初撮り】ネットでAV応募→AV体験撮影266」：MGS動画,4.0,1139,22459,https://www.mgstage.com/monthly/shiroutotv/video/SIRO-3000/
SIRO-3025,「【初撮り】ネットでAV応募→AV体験撮影265」：MGS動画,3.2,790,36620,https://www.mgstage.com/monthly/shiroutotv/video/SIRO-3025/
SIRO-3004,「【初撮り】ネットでAV応募→AV体験撮影264」：MGS動画,3.6,672,21378,https://www.mgstage.com/monthly/shiroutotv/video/SIRO-3004/
